exercise,set #,reps,weight,bodyweight,date
barbell hacksquat,1,5.0,85.0,73.68,2021-12-03
barbell hacksquat,2,5.0,80.0,73.68,2021-12-03
barbell hacksquat,3,5.0,75.0,73.68,2021-12-03
romanian deadlifts,1,18.0,60.0,73.68,2021-12-03
romanian deadlifts,2,16.0,60.0,73.68,2021-12-03
romanian deadlifts,3,15.0,60.0,73.68,2021-12-03
reverse nordics,1,12.0,0.0,73.68,2021-12-03
reverse nordics,2,12.0,0.0,73.68,2021-12-03
reverse nordics,3,12.0,0.0,73.68,2021-12-03
single leg hyper,1,8.0,0.0,73.68,2021-12-03
single leg hyper,2,16.0,0.0,73.68,2021-12-03
single leg hyper,3,14.0,0.0,73.68,2021-12-03
tibialis raise,1,17.0,0.0,73.68,2021-12-03
tibialis raise,2,12.0,0.0,73.68,2021-12-03
tibialis raise,3,10.0,0.0,73.68,2021-12-03
bench press,1,5.0,65.0,74.955,2021-12-05
bench press,2,6.0,60.0,74.955,2021-12-05
bench press,3,6.0,57.5,74.955,2021-12-05
dips,1,6.0,0.0,74.955,2021-12-05
dips,2,6.0,-10.0,74.955,2021-12-05
dips,3,9.0,-20.0,74.955,2021-12-05
wide grip rows,1,16.0,41.0,74.955,2021-12-05
wide grip rows,2,15.0,41.0,74.955,2021-12-05
wide grip rows,3,14.0,41.0,74.955,2021-12-05
side lateral,1,15.0,6.0,74.955,2021-12-05
side lateral,2,13.0,6.0,74.955,2021-12-05
side lateral,3,10.0,6.0,74.955,2021-12-05
hamstring curls,1,8.0,60.0,74.46,2021-12-07
hamstring curls,2,8.0,60.0,74.46,2021-12-07
hamstring curls,3,7.0,55.0,74.46,2021-12-07
sumo dl,1,6.0,85.0,74.46,2021-12-07
sumo dl,2,6.0,85.0,74.46,2021-12-07
sumo dl,3,6.0,85.0,74.46,2021-12-07
close grip row,1,16.0,35.0,75.35499999999999,2021-12-09
close grip row,2,16.0,40.0,75.35499999999999,2021-12-09
close grip row,3,15.0,40.0,75.35499999999999,2021-12-09
overhead press,1,5.0,42.5,75.35499999999999,2021-12-09
overhead press,2,5.0,40.0,75.35499999999999,2021-12-09
overhead press,3,6.0,37.5,75.35499999999999,2021-12-09
overhead press,4,7.0,35.0,75.35499999999999,2021-12-09
straight arm pulldown,1,12.0,22.0,75.35499999999999,2021-12-09
straight arm pulldown,2,12.0,22.5,75.35499999999999,2021-12-09
straight arm pulldown,3,10.0,22.5,75.35499999999999,2021-12-09
triceps,1,12.0,30.0,75.35499999999999,2021-12-09
triceps,2,6.0,30.0,75.35499999999999,2021-12-09
triceps,3,10.0,25.0,75.35499999999999,2021-12-09
pull ups,1,5.0,13.75,75.35499999999999,2021-12-09
pull ups,2,5.0,12.5,75.35499999999999,2021-12-09
pull ups,3,6.0,10.0,75.35499999999999,2021-12-09
pull ups,4,6.0,7.5,75.35499999999999,2021-12-09
barbell hacksquat,1,5.0,90.0,75.31,2021-12-11
barbell hacksquat,2,6.0,85.0,75.31,2021-12-11
barbell hacksquat,3,5.0,85.0,75.31,2021-12-11
barbell hacksquat,4,6.0,80.0,75.31,2021-12-11
romanian deadlifts,1,16.0,60.0,75.31,2021-12-11
romanian deadlifts,2,16.0,60.0,75.31,2021-12-11
romanian deadlifts,3,16.0,60.0,75.31,2021-12-11
romanian deadlifts,4,16.0,60.0,75.31,2021-12-11
reverse nordics,1,16.0,0.0,75.31,2021-12-11
reverse nordics,2,15.0,0.0,75.31,2021-12-11
reverse nordics,3,15.0,0.0,75.31,2021-12-11
single leg hyper,1,22.0,0.0,75.31,2021-12-11
single leg hyper,2,22.0,0.0,75.31,2021-12-11
single leg hyper,3,22.0,0.0,75.31,2021-12-11
tibialis raise,1,22.0,0.0,75.31,2021-12-11
tibialis raise,2,15.0,0.0,75.31,2021-12-11
tibialis raise,3,12.0,0.0,75.31,2021-12-11
decline push ups,1,9.0,0.0,74.59,2021-12-13
decline push ups,2,7.0,0.0,74.59,2021-12-13
decline push ups,3,6.0,0.0,74.59,2021-12-13
decline push ups,4,6.0,0.0,74.59,2021-12-13
dips,1,6.0,0.0,74.59,2021-12-13
dips,2,6.0,0.0,74.59,2021-12-13
dips,3,5.0,0.0,74.59,2021-12-13
push ups,1,6.0,20.0,74.59,2021-12-13
push ups,2,5.0,17.5,74.59,2021-12-13
push ups,3,5.0,15.0,74.59,2021-12-13
push ups,4,5.0,12.5,74.59,2021-12-13
wide grip rows,1,16.0,19.5,74.59,2021-12-13
wide grip rows,2,16.0,19.5,74.59,2021-12-13
wide grip rows,3,16.0,19.5,74.59,2021-12-13
db shoulder press,1,6.0,19.5,74.66,2021-12-17
db shoulder press,2,5.0,19.5,74.66,2021-12-17
db shoulder press,3,5.0,19.5,74.66,2021-12-17
db shoulder press,4,4.0,19.5,74.66,2021-12-17
close grip row,1,15.0,0.0,74.66,2021-12-17
close grip row,2,13.0,0.0,74.66,2021-12-17
close grip row,3,12.0,0.0,74.66,2021-12-17
hyperextensions,1,28.0,0.0,74.66,2021-12-17
hyperextensions,2,25.0,0.0,74.66,2021-12-17
hyperextensions,3,25.0,0.0,74.66,2021-12-17
straight arm pulldown,1,15.0,15.0,74.66,2021-12-17
straight arm pulldown,2,13.0,15.0,74.66,2021-12-17
straight arm pulldown,3,13.0,15.0,74.66,2021-12-17
triceps,1,22.0,15.0,74.66,2021-12-17
triceps,2,12.0,20.0,74.66,2021-12-17
triceps,3,12.0,20.0,74.66,2021-12-17
pull ups,1,6.0,15.0,74.66,2021-12-17
pull ups,2,5.0,15.0,74.66,2021-12-17
pull ups,3,5.0,12.5,74.66,2021-12-17
pull ups,4,5.0,12.5,74.66,2021-12-17
barbell curls,1,10.0,35.0,74.24,2021-12-21
barbell curls,2,10.0,35.0,74.24,2021-12-21
barbell curls,3,9.0,35.0,74.24,2021-12-21
barbell hacksquat,1,4.0,90.0,74.24,2021-12-21
barbell hacksquat,2,5.0,85.0,74.24,2021-12-21
barbell hacksquat,3,5.0,85.0,74.24,2021-12-21
barbell hacksquat,4,5.0,85.0,74.24,2021-12-21
decline push ups,1,10.0,0.0,74.24,2021-12-21
decline push ups,2,8.0,0.0,74.24,2021-12-21
decline push ups,3,7.0,0.0,74.24,2021-12-21
decline push ups,4,7.0,0.0,74.24,2021-12-21
dips,1,6.0,0.0,74.24,2021-12-21
dips,2,6.0,0.0,74.24,2021-12-21
dips,3,6.0,0.0,74.24,2021-12-21
hyperextensions,1,30.0,0.0,74.24,2021-12-21
hyperextensions,2,30.0,0.0,74.24,2021-12-21
hyperextensions,3,28.0,0.0,74.24,2021-12-21
romanian deadlifts,1,13.0,70.0,74.24,2021-12-21
romanian deadlifts,2,16.0,70.0,74.24,2021-12-21
romanian deadlifts,3,16.0,70.0,74.24,2021-12-21
romanian deadlifts,4,16.0,70.0,74.24,2021-12-21
reverse nordics,1,14.0,0.0,74.24,2021-12-21
reverse nordics,2,14.0,0.0,74.24,2021-12-21
reverse nordics,3,13.0,0.0,74.24,2021-12-21
side lateral,1,12.0,5.0,74.24,2021-12-21
side lateral,2,12.0,5.0,74.24,2021-12-21
side lateral,3,8.0,5.0,74.24,2021-12-21
tibialis raise,1,20.0,0.0,74.24,2021-12-21
tibialis raise,2,14.0,0.0,74.24,2021-12-21
tibialis raise,3,11.0,0.0,74.24,2021-12-21
push ups,1,5.0,20.0,74.24,2021-12-21
push ups,2,4.0,17.5,74.24,2021-12-21
push ups,3,4.0,15.0,74.24,2021-12-21
push ups,4,4.0,12.5,74.24,2021-12-21
wide grip rows,1,20.0,19.5,74.24,2021-12-21
wide grip rows,2,18.0,19.5,74.24,2021-12-21
wide grip rows,3,18.0,19.5,74.24,2021-12-21
atg split squats,1,10.0,20.0,76.49,2021-12-25
atg split squats,2,14.0,10.0,76.49,2021-12-25
atg split squats,3,12.0,10.0,76.49,2021-12-25
atg split squats,4,10.0,10.0,76.49,2021-12-25
nordic curls,1,16.0,0.0,76.49,2021-12-25
nordic curls,2,15.0,0.0,76.49,2021-12-25
nordic curls,3,12.0,0.0,76.49,2021-12-25
sumo dl,1,6.0,90.0,76.49,2021-12-25
sumo dl,2,6.0,90.0,76.49,2021-12-25
sumo dl,3,6.0,90.0,76.49,2021-12-25
sumo dl,4,6.0,90.0,76.49,2021-12-25
lunges,1,20.0,0.0,76.49,2021-12-25
lunges,2,20.0,0.0,76.49,2021-12-25
lunges,3,20.0,0.0,76.49,2021-12-25
db shoulder press,1,5.0,40.0,76.8,2021-12-27
db shoulder press,2,6.0,35.0,76.8,2021-12-27
db shoulder press,3,5.0,35.0,76.8,2021-12-27
db shoulder press,4,6.0,30.0,76.8,2021-12-27
close grip row,1,18.0,19.5,76.8,2021-12-27
close grip row,2,16.0,19.5,76.8,2021-12-27
close grip row,3,14.0,19.5,76.8,2021-12-27
hyperextensions,1,25.0,10.0,76.8,2021-12-27
hyperextensions,2,25.0,10.0,76.8,2021-12-27
hyperextensions,3,18.0,16.0,76.8,2021-12-27
straight arm pulldown,1,10.0,20.0,76.8,2021-12-27
straight arm pulldown,2,10.0,20.0,76.8,2021-12-27
straight arm pulldown,3,15.0,15.0,76.8,2021-12-27
pull ups,1,5.0,15.0,76.8,2021-12-27
pull ups,2,5.0,15.0,76.8,2021-12-27
pull ups,3,4.0,12.5,76.8,2021-12-27
pull ups,4,4.0,10.0,76.8,2021-12-27
barbell hacksquat,1,6.0,90.0,76.205,2021-12-29
barbell hacksquat,2,6.0,90.0,76.205,2021-12-29
barbell hacksquat,3,5.0,90.0,76.205,2021-12-29
barbell hacksquat,4,5.0,90.0,76.205,2021-12-29
hyperextensions,1,36.0,0.0,76.205,2021-12-29
hyperextensions,2,35.0,0.0,76.205,2021-12-29
hyperextensions,3,32.0,0.0,76.205,2021-12-29
romanian deadlifts,1,16.0,80.0,76.205,2021-12-29
romanian deadlifts,2,15.0,80.0,76.205,2021-12-29
romanian deadlifts,3,16.0,70.0,76.205,2021-12-29
romanian deadlifts,4,16.0,70.0,76.205,2021-12-29
reverse nordics,1,16.0,0.0,76.205,2021-12-29
reverse nordics,2,22.0,0.0,76.205,2021-12-29
reverse nordics,3,12.0,0.0,76.205,2021-12-29
tibialis raise,1,18.0,0.0,76.205,2021-12-29
tibialis raise,2,14.0,0.0,76.205,2021-12-29
tibialis raise,3,12.0,0.0,76.205,2021-12-29
barbell curls,1,11.0,35.0,76.9,2021-12-31
barbell curls,2,9.0,35.0,76.9,2021-12-31
barbell curls,3,9.0,35.0,76.9,2021-12-31
decline push ups,1,8.0,0.0,76.9,2021-12-31
decline push ups,2,6.0,0.0,76.9,2021-12-31
decline push ups,3,6.0,0.0,76.9,2021-12-31
decline push ups,4,5.0,0.0,76.9,2021-12-31
side lateral,1,16.0,10.0,76.9,2021-12-31
side lateral,2,16.0,10.0,76.9,2021-12-31
side lateral,3,16.0,10.0,76.9,2021-12-31
push ups,1,5.0,20.0,76.9,2021-12-31
push ups,2,5.0,20.0,76.9,2021-12-31
push ups,3,5.0,17.5,76.9,2021-12-31
push ups,4,5.0,15.0,76.9,2021-12-31
wide grip rows,1,15.0,30.0,76.9,2021-12-31
wide grip rows,2,18.0,30.0,76.9,2021-12-31
wide grip rows,3,16.0,30.0,76.9,2021-12-31
atg split squats,1,10.0,20.0,76.35,2022-01-02
atg split squats,2,8.0,20.0,76.35,2022-01-02
atg split squats,3,7.0,20.0,76.35,2022-01-02
atg split squats,4,7.0,20.0,76.35,2022-01-02
hamstring curls,1,16.0,5.0,76.35,2022-01-02
hamstring curls,2,12.0,5.0,76.35,2022-01-02
hamstring curls,3,12.0,5.0,76.35,2022-01-02
sumo dl,1,5.0,95.0,76.35,2022-01-02
sumo dl,2,5.0,95.0,76.35,2022-01-02
sumo dl,3,5.0,90.0,76.35,2022-01-02
sumo dl,4,5.0,90.0,76.35,2022-01-02
lunges,1,26.0,0.0,76.35,2022-01-02
lunges,2,24.0,0.0,76.35,2022-01-02
lunges,3,24.0,0.0,76.35,2022-01-02
db shoulder press,1,8.0,24.75,75.075,2022-01-04
db shoulder press,2,6.5,24.75,75.075,2022-01-04
db shoulder press,3,7.0,22.25,75.075,2022-01-04
db shoulder press,4,2.5,9.75,75.075,2022-01-04
straight arm pulldown,1,9.0,20.0,75.075,2022-01-04
straight arm pulldown,2,16.0,15.0,75.075,2022-01-04
straight arm pulldown,3,15.0,15.0,75.075,2022-01-04
chin ups,1,6.0,15.0,75.075,2022-01-04
chin ups,2,5.0,12.5,75.075,2022-01-04
chin ups,3,5.0,10.0,75.075,2022-01-04
chin ups,4,4.0,10.0,75.075,2022-01-04
barbell hacksquat,1,5.0,95.0,76.815,2022-01-06
barbell hacksquat,2,5.0,95.0,76.815,2022-01-06
barbell hacksquat,3,5.0,95.0,76.815,2022-01-06
barbell hacksquat,4,5.0,95.0,76.815,2022-01-06
nordic curls,1,7.0,0.0,76.815,2022-01-06
nordic curls,2,6.0,0.0,76.815,2022-01-06
nordic curls,3,5.0,0.0,76.815,2022-01-06
romanian deadlifts,1,16.0,75.0,76.815,2022-01-06
romanian deadlifts,2,16.0,80.0,76.815,2022-01-06
romanian deadlifts,3,16.0,80.0,76.815,2022-01-06
romanian deadlifts,4,14.0,80.0,76.815,2022-01-06
reverse nordics,1,12.0,0.0,76.815,2022-01-06
reverse nordics,2,10.0,0.0,76.815,2022-01-06
reverse nordics,3,10.0,0.0,76.815,2022-01-06
barbell curls,1,10.0,37.5,75.74333333333334,2022-01-08
barbell curls,2,8.0,37.5,75.74333333333334,2022-01-08
barbell curls,3,7.0,37.5,75.74333333333334,2022-01-08
decline push ups,1,9.0,0.0,75.74333333333334,2022-01-08
decline push ups,2,8.0,0.0,75.74333333333334,2022-01-08
decline push ups,3,7.0,0.0,75.74333333333334,2022-01-08
decline push ups,4,6.0,0.0,75.74333333333334,2022-01-08
side lateral,1,10.0,3.75,75.74333333333334,2022-01-08
side lateral,2,6.0,3.75,75.74333333333334,2022-01-08
side lateral,3,10.0,0.0,75.74333333333334,2022-01-08
straight arm pulldown,1,13.0,15.0,75.74333333333334,2022-01-08
straight arm pulldown,2,12.0,15.0,75.74333333333334,2022-01-08
straight arm pulldown,3,10.0,15.0,75.74333333333334,2022-01-08
push ups,1,5.0,20.0,75.74333333333334,2022-01-08
push ups,2,4.0,20.0,75.74333333333334,2022-01-08
push ups,3,4.0,17.5,75.74333333333334,2022-01-08
push ups,4,5.0,15.0,75.74333333333334,2022-01-08
wide grip rows,1,15.0,40.0,75.74333333333334,2022-01-08
wide grip rows,2,12.0,35.0,75.74333333333334,2022-01-08
wide grip rows,3,15.0,30.0,75.74333333333334,2022-01-08
atg split squats,1,11.0,20.0,76.36,2022-01-10
atg split squats,2,9.0,20.0,76.36,2022-01-10
atg split squats,3,7.0,20.0,76.36,2022-01-10
atg split squats,4,7.0,20.0,76.36,2022-01-10
hamstring curls,1,7.0,10.0,76.36,2022-01-10
hamstring curls,2,13.0,5.0,76.36,2022-01-10
hamstring curls,3,11.0,5.0,76.36,2022-01-10
sissy squats,1,6.0,0.0,76.36,2022-01-10
sissy squats,2,6.0,0.0,76.36,2022-01-10
sissy squats,3,6.0,0.0,76.36,2022-01-10
sumo dl,1,4.0,100.0,76.36,2022-01-10
sumo dl,2,6.0,95.0,76.36,2022-01-10
sumo dl,3,6.0,95.0,76.36,2022-01-10
sumo dl,4,6.0,95.0,76.36,2022-01-10
db shoulder press,1,8.0,19.5,76.18,2022-01-12
db shoulder press,2,7.0,19.5,76.18,2022-01-12
db shoulder press,3,5.0,19.5,76.18,2022-01-12
db shoulder press,4,5.0,19.5,76.18,2022-01-12
decline press,1,10.0,0.0,76.18,2022-01-12
decline press,2,9.0,0.0,76.18,2022-01-12
decline press,3,8.0,0.0,76.18,2022-01-12
inverted rows,1,13.0,0.0,76.18,2022-01-12
inverted rows,2,12.0,0.0,76.18,2022-01-12
inverted rows,3,12.0,0.0,76.18,2022-01-12
lat pulldown,1,15.0,50.0,76.18,2022-01-12
lat pulldown,2,10.0,55.0,76.18,2022-01-12
lat pulldown,3,8.0,55.0,76.18,2022-01-12
chin ups,1,5.5,15.0,76.18,2022-01-12
chin ups,2,5.0,12.5,76.18,2022-01-12
chin ups,3,5.0,10.0,76.18,2022-01-12
chin ups,4,4.0,10.0,76.18,2022-01-12
barbell hacksquat,1,5.0,105.0,76.755,2022-01-14
barbell hacksquat,2,5.0,105.0,76.755,2022-01-14
barbell hacksquat,3,5.0,105.0,76.755,2022-01-14
barbell hacksquat,4,5.0,105.0,76.755,2022-01-14
romanian deadlifts,1,14.0,90.0,76.755,2022-01-14
romanian deadlifts,2,13.0,90.0,76.755,2022-01-14
romanian deadlifts,3,12.0,90.0,76.755,2022-01-14
romanian deadlifts,4,12.0,90.0,76.755,2022-01-14
reverse nordics,1,18.0,0.0,76.755,2022-01-14
reverse nordics,2,16.0,0.0,76.755,2022-01-14
reverse nordics,3,16.0,0.0,76.755,2022-01-14
hamstring curls,1,6.0,5.0,76.755,2022-01-14
hamstring curls,2,6.0,5.0,76.755,2022-01-14
hamstring curls,3,6.0,5.0,76.755,2022-01-14
barbell curls,1,11.0,37.5,76.37,2022-01-16
barbell curls,2,9.0,37.5,76.37,2022-01-16
barbell curls,3,8.0,37.5,76.37,2022-01-16
decline push ups,1,7.0,0.0,76.37,2022-01-16
decline push ups,2,6.0,0.0,76.37,2022-01-16
decline push ups,3,6.0,0.0,76.37,2022-01-16
decline push ups,4,5.0,0.0,76.37,2022-01-16
side lateral,1,8.0,3.75,76.37,2022-01-16
side lateral,2,12.0,0.0,76.37,2022-01-16
side lateral,3,14.0,0.0,76.37,2022-01-16
straight arm pulldown,1,15.0,15.0,76.37,2022-01-16
straight arm pulldown,2,12.0,15.0,76.37,2022-01-16
straight arm pulldown,3,11.0,15.0,76.37,2022-01-16
push ups,1,5.0,20.0,76.37,2022-01-16
push ups,2,5.0,17.5,76.37,2022-01-16
push ups,3,5.0,15.0,76.37,2022-01-16
push ups,4,4.0,15.0,76.37,2022-01-16
wide grip rows,1,12.0,45.0,76.37,2022-01-16
wide grip rows,2,13.0,40.0,76.37,2022-01-16
wide grip rows,3,12.0,40.0,76.37,2022-01-16
atg split squats,1,10.0,20.0,74.94,2022-01-19
atg split squats,2,9.0,20.0,74.94,2022-01-19
atg split squats,3,8.0,20.0,74.94,2022-01-19
hamstring curls,1,9.0,5.0,74.94,2022-01-19
hamstring curls,2,9.0,5.0,74.94,2022-01-19
hamstring curls,3,7.0,5.0,74.94,2022-01-19
sissy squats,1,7.0,0.0,74.94,2022-01-19
sissy squats,2,7.0,0.0,74.94,2022-01-19
sissy squats,3,7.0,0.0,74.94,2022-01-19
sumo dl,1,6.0,100.0,74.94,2022-01-19
sumo dl,2,5.0,100.0,74.94,2022-01-19
sumo dl,3,5.0,100.0,74.94,2022-01-19
sumo dl,4,5.0,100.0,74.94,2022-01-19
db shoulder press,1,9.0,19.5,74.85,2022-01-21
db shoulder press,2,7.0,19.5,74.85,2022-01-21
db shoulder press,3,5.0,19.5,74.85,2022-01-21
db shoulder press,4,5.0,19.5,74.85,2022-01-21
decline press,1,9.0,0.0,74.85,2022-01-21
decline press,2,8.0,0.0,74.85,2022-01-21
decline press,3,7.0,0.0,74.85,2022-01-21
inverted rows,1,14.0,0.0,74.85,2022-01-21
inverted rows,2,13.0,0.0,74.85,2022-01-21
inverted rows,3,13.0,0.0,74.85,2022-01-21
lat pulldown,1,12.0,55.0,74.85,2022-01-21
lat pulldown,2,10.0,55.0,74.85,2022-01-21
lat pulldown,3,8.0,55.0,74.85,2022-01-21
chin ups,1,6.0,15.0,74.85,2022-01-21
chin ups,2,5.0,15.0,74.85,2022-01-21
chin ups,3,5.0,12.5,74.85,2022-01-21
chin ups,4,5.0,10.0,74.85,2022-01-21
barbell hacksquat,1,6.0,100.0,77.34,2022-01-23
barbell hacksquat,2,5.0,100.0,77.34,2022-01-23
barbell hacksquat,3,5.0,100.0,77.34,2022-01-23
barbell hacksquat,4,5.0,100.0,77.34,2022-01-23
romanian deadlifts,1,14.0,90.0,77.34,2022-01-23
romanian deadlifts,2,14.0,90.0,77.34,2022-01-23
romanian deadlifts,3,14.0,90.0,77.34,2022-01-23
reverse nordics,1,16.0,0.0,77.34,2022-01-23
reverse nordics,2,12.0,0.0,77.34,2022-01-23
reverse nordics,3,12.0,0.0,77.34,2022-01-23
hamstring curls,1,9.0,5.0,77.34,2022-01-23
hamstring curls,2,7.0,5.0,77.34,2022-01-23
hamstring curls,3,6.0,5.0,77.34,2022-01-23
barbell curls,1,9.0,40.0,76.91,2022-01-25
barbell curls,2,8.0,40.0,76.91,2022-01-25
barbell curls,3,7.0,40.0,76.91,2022-01-25
decline push ups,1,8.0,0.0,76.91,2022-01-25
decline push ups,2,6.0,0.0,76.91,2022-01-25
decline push ups,3,6.0,0.0,76.91,2022-01-25
decline push ups,4,5.0,0.0,76.91,2022-01-25
side lateral,1,9.0,3.75,76.91,2022-01-25
side lateral,2,13.0,0.0,76.91,2022-01-25
side lateral,3,13.0,0.0,76.91,2022-01-25
straight arm pulldown,1,14.0,20.0,76.91,2022-01-25
straight arm pulldown,2,14.0,20.0,76.91,2022-01-25
straight arm pulldown,3,12.0,20.0,76.91,2022-01-25
push ups,1,6.0,20.0,76.91,2022-01-25
push ups,2,5.0,17.5,76.91,2022-01-25
push ups,3,6.0,15.0,76.91,2022-01-25
push ups,4,4.0,15.0,76.91,2022-01-25
wide grip rows,1,14.0,45.0,76.91,2022-01-25
wide grip rows,2,13.0,45.0,76.91,2022-01-25
wide grip rows,3,13.0,45.0,76.91,2022-01-25
atg split squats,1,11.0,20.0,76.47999999999999,2022-01-28
atg split squats,2,10.0,20.0,76.47999999999999,2022-01-28
atg split squats,3,9.0,20.0,76.47999999999999,2022-01-28
hamstring curls,1,10.0,5.0,76.47999999999999,2022-01-28
hamstring curls,2,7.0,5.0,76.47999999999999,2022-01-28
hamstring curls,3,7.0,5.0,76.47999999999999,2022-01-28
sissy squats,1,7.0,0.0,76.47999999999999,2022-01-28
sissy squats,2,7.0,0.0,76.47999999999999,2022-01-28
sissy squats,3,7.0,0.0,76.47999999999999,2022-01-28
sumo dl,1,6.0,105.0,76.47999999999999,2022-01-28
sumo dl,2,6.0,105.0,76.47999999999999,2022-01-28
sumo dl,3,6.0,105.0,76.47999999999999,2022-01-28
sumo dl,4,5.0,105.0,76.47999999999999,2022-01-28
db shoulder press,1,6.0,22.0,76.22,2022-01-30
db shoulder press,2,4.0,22.0,76.22,2022-01-30
db shoulder press,3,6.0,19.5,76.22,2022-01-30
db shoulder press,4,5.0,19.5,76.22,2022-01-30
decline press,1,11.0,0.0,76.22,2022-01-30
decline press,2,9.0,0.0,76.22,2022-01-30
decline press,3,7.0,0.0,76.22,2022-01-30
inverted rows,1,15.0,0.0,76.22,2022-01-30
inverted rows,2,14.0,0.0,76.22,2022-01-30
inverted rows,3,12.0,0.0,76.22,2022-01-30
lat pulldown,1,13.0,55.0,76.22,2022-01-30
lat pulldown,2,10.0,55.0,76.22,2022-01-30
lat pulldown,3,8.0,55.0,76.22,2022-01-30
chin ups,1,6.0,16.25,76.22,2022-01-30
chin ups,2,5.0,15.0,76.22,2022-01-30
chin ups,3,5.0,13.75,76.22,2022-01-30
chin ups,4,5.0,12.5,76.22,2022-01-30
barbell hacksquat,1,5.0,110.0,77.02666666666666,2022-02-01
barbell hacksquat,2,5.0,110.0,77.02666666666666,2022-02-01
barbell hacksquat,3,5.0,110.0,77.02666666666666,2022-02-01
barbell hacksquat,4,5.0,110.0,77.02666666666666,2022-02-01
romanian deadlifts,1,11.0,95.0,77.02666666666666,2022-02-01
romanian deadlifts,2,10.0,95.0,77.02666666666666,2022-02-01
romanian deadlifts,3,10.0,95.0,77.02666666666666,2022-02-01
reverse nordics,1,12.0,0.0,77.02666666666666,2022-02-01
reverse nordics,2,12.0,0.0,77.02666666666666,2022-02-01
reverse nordics,3,11.0,0.0,77.02666666666666,2022-02-01
hamstring curls,1,10.0,5.0,77.02666666666666,2022-02-01
hamstring curls,2,8.0,5.0,77.02666666666666,2022-02-01
hamstring curls,3,8.0,5.0,77.02666666666666,2022-02-01
barbell curls,1,10.0,40.0,76.66499999999999,2022-02-03
barbell curls,2,9.0,40.0,76.66499999999999,2022-02-03
barbell curls,3,7.0,40.0,76.66499999999999,2022-02-03
decline push ups,1,7.0,0.0,76.66499999999999,2022-02-03
decline push ups,2,7.0,0.0,76.66499999999999,2022-02-03
decline push ups,3,6.0,0.0,76.66499999999999,2022-02-03
decline push ups,4,5.0,0.0,76.66499999999999,2022-02-03
side lateral,1,15.0,0.0,76.66499999999999,2022-02-03
side lateral,2,14.0,0.0,76.66499999999999,2022-02-03
side lateral,3,9.0,0.0,76.66499999999999,2022-02-03
straight arm pulldown,1,16.0,20.0,76.66499999999999,2022-02-03
straight arm pulldown,2,13.0,20.0,76.66499999999999,2022-02-03
straight arm pulldown,3,10.0,20.0,76.66499999999999,2022-02-03
push ups,1,5.0,20.0,76.66499999999999,2022-02-03
push ups,2,5.0,17.5,76.66499999999999,2022-02-03
push ups,3,5.0,15.0,76.66499999999999,2022-02-03
push ups,4,5.0,12.5,76.66499999999999,2022-02-03
wide grip rows,1,12.0,50.0,76.66499999999999,2022-02-03
wide grip rows,2,12.0,50.0,76.66499999999999,2022-02-03
wide grip rows,3,10.0,50.0,76.66499999999999,2022-02-03
atg split squats,1,12.0,20.0,77.46000000000001,2022-02-06
atg split squats,2,10.0,20.0,77.46000000000001,2022-02-06
atg split squats,3,9.0,20.0,77.46000000000001,2022-02-06
hamstring curls,1,10.0,5.0,77.46000000000001,2022-02-06
hamstring curls,2,9.0,5.0,77.46000000000001,2022-02-06
hamstring curls,3,7.0,5.0,77.46000000000001,2022-02-06
sissy squats,1,8.0,0.0,77.46000000000001,2022-02-06
sissy squats,2,7.0,0.0,77.46000000000001,2022-02-06
sissy squats,3,7.0,0.0,77.46000000000001,2022-02-06
sumo dl,1,5.0,110.0,77.46000000000001,2022-02-06
sumo dl,2,5.0,110.0,77.46000000000001,2022-02-06
sumo dl,3,5.0,110.0,77.46000000000001,2022-02-06
sumo dl,4,5.0,110.0,77.46000000000001,2022-02-06
db shoulder press,1,6.0,22.0,77.715,2022-02-07
db shoulder press,2,5.0,22.0,77.715,2022-02-07
db shoulder press,3,6.0,19.5,77.715,2022-02-07
db shoulder press,4,5.0,19.5,77.715,2022-02-07
decline press,1,12.0,0.0,77.715,2022-02-07
decline press,2,10.0,0.0,77.715,2022-02-07
decline press,3,8.0,0.0,77.715,2022-02-07
inverted rows,1,13.0,0.0,77.715,2022-02-07
inverted rows,2,13.0,0.0,77.715,2022-02-07
inverted rows,3,12.0,0.0,77.715,2022-02-07
lat pulldown,1,10.0,60.0,77.715,2022-02-07
lat pulldown,2,8.0,60.0,77.715,2022-02-07
lat pulldown,3,8.0,55.0,77.715,2022-02-07
chin ups,1,6.0,16.25,77.715,2022-02-07
chin ups,2,5.0,16.25,77.715,2022-02-07
chin ups,3,5.0,13.75,77.715,2022-02-07
chin ups,4,5.0,12.5,77.715,2022-02-07
barbell hacksquat,1,5.0,112.5,77.525,2022-02-09
barbell hacksquat,2,5.0,112.5,77.525,2022-02-09
barbell hacksquat,3,5.0,110.0,77.525,2022-02-09
barbell hacksquat,4,5.0,110.0,77.525,2022-02-09
romanian deadlifts,1,12.0,95.0,77.525,2022-02-09
romanian deadlifts,2,11.0,95.0,77.525,2022-02-09
romanian deadlifts,3,10.0,95.0,77.525,2022-02-09
reverse nordics,1,13.0,5.0,77.525,2022-02-09
reverse nordics,2,12.0,0.0,77.525,2022-02-09
reverse nordics,3,11.0,0.0,77.525,2022-02-09
hamstring curls,1,10.0,5.0,77.525,2022-02-09
hamstring curls,2,9.0,5.0,77.525,2022-02-09
hamstring curls,3,9.0,5.0,77.525,2022-02-09
barbell curls,1,8.0,42.5,77.21000000000001,2022-02-13
barbell curls,2,6.0,42.5,77.21000000000001,2022-02-13
barbell curls,3,5.0,42.5,77.21000000000001,2022-02-13
decline push ups,1,9.0,0.0,77.21000000000001,2022-02-13
decline push ups,2,6.0,0.0,77.21000000000001,2022-02-13
decline push ups,3,6.0,0.0,77.21000000000001,2022-02-13
decline push ups,4,5.0,0.0,77.21000000000001,2022-02-13
side lateral,1,16.0,0.0,77.21000000000001,2022-02-13
side lateral,2,16.0,0.0,77.21000000000001,2022-02-13
side lateral,3,16.0,0.0,77.21000000000001,2022-02-13
straight arm pulldown,1,14.0,20.0,77.21000000000001,2022-02-13
straight arm pulldown,2,12.0,20.0,77.21000000000001,2022-02-13
straight arm pulldown,3,10.0,20.0,77.21000000000001,2022-02-13
push ups,1,4.0,20.0,77.21000000000001,2022-02-13
push ups,2,6.0,15.0,77.21000000000001,2022-02-13
push ups,3,5.0,15.0,77.21000000000001,2022-02-13
push ups,4,6.0,12.5,77.21000000000001,2022-02-13
wide grip rows,1,10.0,55.0,77.21000000000001,2022-02-13
wide grip rows,2,10.0,55.0,77.21000000000001,2022-02-13
wide grip rows,3,8.0,55.0,77.21000000000001,2022-02-13
atg split squats,1,6.0,29.0,77.44999999999999,2022-02-15
atg split squats,2,6.0,29.0,77.44999999999999,2022-02-15
atg split squats,3,5.0,29.0,77.44999999999999,2022-02-15
hamstring curls,1,11.0,5.0,77.44999999999999,2022-02-15
hamstring curls,2,9.0,5.0,77.44999999999999,2022-02-15
hamstring curls,3,9.0,5.0,77.44999999999999,2022-02-15
sissy squats,1,9.0,0.0,77.44999999999999,2022-02-15
sissy squats,2,8.0,0.0,77.44999999999999,2022-02-15
sissy squats,3,8.0,0.0,77.44999999999999,2022-02-15
sumo dl,1,5.0,110.0,77.44999999999999,2022-02-15
sumo dl,2,6.0,105.0,77.44999999999999,2022-02-15
sumo dl,3,6.0,105.0,77.44999999999999,2022-02-15
sumo dl,4,6.0,105.0,77.44999999999999,2022-02-15
db shoulder press,1,6.0,22.0,78.35666666666667,2022-02-18
db shoulder press,2,5.0,22.0,78.35666666666667,2022-02-18
db shoulder press,3,6.0,19.5,78.35666666666667,2022-02-18
db shoulder press,4,5.0,19.5,78.35666666666667,2022-02-18
decline press,1,12.0,0.0,78.35666666666667,2022-02-18
decline press,2,10.0,0.0,78.35666666666667,2022-02-18
decline press,3,9.0,0.0,78.35666666666667,2022-02-18
inverted rows,1,12.0,0.0,78.35666666666667,2022-02-18
inverted rows,2,12.0,0.0,78.35666666666667,2022-02-18
inverted rows,3,12.0,0.0,78.35666666666667,2022-02-18
lat pulldown,1,10.0,60.0,78.35666666666667,2022-02-18
lat pulldown,2,8.0,60.0,78.35666666666667,2022-02-18
lat pulldown,3,10.0,55.0,78.35666666666667,2022-02-18
pull ups,1,5.0,16.25,78.35666666666667,2022-02-18
pull ups,2,5.0,15.0,78.35666666666667,2022-02-18
pull ups,3,5.0,13.75,78.35666666666667,2022-02-18
pull ups,4,5.0,12.5,78.35666666666667,2022-02-18
barbell hacksquat,1,5.0,112.5,77.38,2022-02-20
barbell hacksquat,2,4.0,112.5,77.38,2022-02-20
barbell hacksquat,3,4.0,110.0,77.38,2022-02-20
barbell hacksquat,4,4.0,110.0,77.38,2022-02-20
romanian deadlifts,1,14.0,95.0,77.38,2022-02-20
romanian deadlifts,2,12.0,95.0,77.38,2022-02-20
romanian deadlifts,3,11.0,95.0,77.38,2022-02-20
reverse nordics,1,16.0,0.0,77.38,2022-02-20
reverse nordics,2,12.0,0.0,77.38,2022-02-20
reverse nordics,3,11.0,0.0,77.38,2022-02-20
hamstring curls,1,10.0,5.0,77.38,2022-02-20
hamstring curls,2,9.0,5.0,77.38,2022-02-20
hamstring curls,3,7.0,5.0,77.38,2022-02-20
barbell curls,1,8.0,42.5,78.335,2022-02-22
barbell curls,2,7.0,42.5,78.335,2022-02-22
barbell curls,3,6.0,42.5,78.335,2022-02-22
decline push ups,1,9.0,0.0,78.335,2022-02-22
decline push ups,2,6.0,0.0,78.335,2022-02-22
decline push ups,3,6.0,0.0,78.335,2022-02-22
decline push ups,4,6.0,0.0,78.335,2022-02-22
side lateral,1,18.0,0.0,78.335,2022-02-22
side lateral,2,18.0,0.0,78.335,2022-02-22
side lateral,3,18.0,0.0,78.335,2022-02-22
straight arm pulldown,1,16.0,20.0,78.335,2022-02-22
straight arm pulldown,2,14.0,20.0,78.335,2022-02-22
straight arm pulldown,3,12.0,20.0,78.335,2022-02-22
push ups,1,5.0,20.0,78.335,2022-02-22
push ups,2,5.0,20.0,78.335,2022-02-22
push ups,3,5.0,17.5,78.335,2022-02-22
push ups,4,4.0,15.0,78.335,2022-02-22
wide grip rows,1,12.0,55.0,78.335,2022-02-22
wide grip rows,2,11.0,55.0,78.335,2022-02-22
wide grip rows,3,10.0,55.0,78.335,2022-02-22
atg split squats,1,7.0,29.0,78.34,2022-02-24
atg split squats,2,7.0,29.0,78.34,2022-02-24
atg split squats,3,7.0,29.0,78.34,2022-02-24
hamstring curls,1,12.0,5.0,78.34,2022-02-24
hamstring curls,2,10.0,5.0,78.34,2022-02-24
hamstring curls,3,8.0,5.0,78.34,2022-02-24
sissy squats,1,9.0,0.0,78.34,2022-02-24
sissy squats,2,8.0,0.0,78.34,2022-02-24
sissy squats,3,8.0,0.0,78.34,2022-02-24
sumo dl,1,6.0,110.0,78.34,2022-02-24
sumo dl,2,5.0,110.0,78.34,2022-02-24
sumo dl,3,5.0,110.0,78.34,2022-02-24
sumo dl,4,5.0,110.0,78.34,2022-02-24
db shoulder press,1,6.0,22.0,78.405,2022-02-26
db shoulder press,2,6.0,22.0,78.405,2022-02-26
db shoulder press,3,4.0,22.0,78.405,2022-02-26
db shoulder press,4,6.0,19.5,78.405,2022-02-26
decline press,1,11.0,0.0,78.405,2022-02-26
decline press,2,9.0,0.0,78.405,2022-02-26
decline press,3,8.0,0.0,78.405,2022-02-26
lat pulldown,1,12.0,60.0,78.405,2022-02-26
lat pulldown,2,9.0,60.0,78.405,2022-02-26
lat pulldown,3,8.0,60.0,78.405,2022-02-26
inverted rows,1,11.0,0.0,78.405,2022-02-26
inverted rows,2,11.0,0.0,78.405,2022-02-26
inverted rows,3,9.0,0.0,78.405,2022-02-26
pull ups,1,5.0,16.25,78.405,2022-02-26
pull ups,2,5.0,15.0,78.405,2022-02-26
pull ups,3,4.0,12.5,78.405,2022-02-26
pull ups,4,5.0,10.0,78.405,2022-02-26
barbell hacksquat,1,5.0,110.0,77.08,2022-02-28
barbell hacksquat,2,4.0,110.0,77.08,2022-02-28
barbell hacksquat,3,4.0,105.0,77.08,2022-02-28
barbell hacksquat,4,4.0,105.0,77.08,2022-02-28
romanian deadlifts,1,14.0,95.0,77.08,2022-02-28
romanian deadlifts,2,12.0,95.0,77.08,2022-02-28
romanian deadlifts,3,12.0,95.0,77.08,2022-02-28
reverse nordics,1,14.0,0.0,77.08,2022-02-28
reverse nordics,2,12.0,0.0,77.08,2022-02-28
reverse nordics,3,20.0,0.0,77.08,2022-02-28
hamstring curls,1,11.0,5.0,77.08,2022-02-28
hamstring curls,2,9.0,5.0,77.08,2022-02-28
hamstring curls,3,8.0,5.0,77.08,2022-02-28
barbell curls,1,10.0,42.5,77.955,2022-03-02
barbell curls,2,8.0,42.5,77.955,2022-03-02
barbell curls,3,7.0,42.5,77.955,2022-03-02
decline push ups,1,9.0,0.0,77.955,2022-03-02
decline push ups,2,7.0,0.0,77.955,2022-03-02
decline push ups,3,6.0,0.0,77.955,2022-03-02
decline push ups,4,6.0,0.0,77.955,2022-03-02
ring push ups,1,6.0,5.0,77.955,2022-03-02
ring push ups,2,5.0,5.0,77.955,2022-03-02
ring push ups,3,5.0,5.0,77.955,2022-03-02
ring push ups,4,5.0,0.0,77.955,2022-03-02
side lateral,1,21.0,0.0,77.955,2022-03-02
side lateral,2,21.0,0.0,77.955,2022-03-02
side lateral,3,20.0,0.0,77.955,2022-03-02
straight arm pulldown,1,16.0,20.0,77.955,2022-03-02
straight arm pulldown,2,14.0,20.0,77.955,2022-03-02
straight arm pulldown,3,12.0,20.0,77.955,2022-03-02
wide grip rows,1,12.0,55.0,77.955,2022-03-02
wide grip rows,2,11.0,55.0,77.955,2022-03-02
wide grip rows,3,10.0,55.0,77.955,2022-03-02
atg split squats,1,5.0,34.0,78.79333333333334,2022-03-04
atg split squats,2,7.0,29.0,78.79333333333334,2022-03-04
atg split squats,3,7.0,29.0,78.79333333333334,2022-03-04
sumo dl,1,5.0,112.5,78.79333333333334,2022-03-04
sumo dl,2,5.0,112.5,78.79333333333334,2022-03-04
sumo dl,3,5.0,112.5,78.79333333333334,2022-03-04
sumo dl,4,5.0,110.0,78.79333333333334,2022-03-04
db shoulder press,1,6.0,22.0,79.575,2022-03-06
db shoulder press,2,5.0,22.0,79.575,2022-03-06
db shoulder press,3,7.0,19.5,79.575,2022-03-06
db shoulder press,4,6.0,19.5,79.575,2022-03-06
decline press,1,11.0,0.0,79.575,2022-03-06
decline press,2,10.0,0.0,79.575,2022-03-06
decline press,3,8.0,0.0,79.575,2022-03-06
lat pulldown,1,10.0,65.0,79.575,2022-03-06
lat pulldown,2,8.0,65.0,79.575,2022-03-06
lat pulldown,3,7.0,65.0,79.575,2022-03-06
inverted rows,1,11.0,0.0,79.575,2022-03-06
inverted rows,2,11.0,0.0,79.575,2022-03-06
inverted rows,3,11.0,0.0,79.575,2022-03-06
pull ups,1,5.0,16.25,79.575,2022-03-06
pull ups,2,5.0,13.75,79.575,2022-03-06
pull ups,3,4.0,12.5,79.575,2022-03-06
pull ups,4,5.0,10.0,79.575,2022-03-06
barbell hacksquat,1,5.0,110.0,79.78,2022-03-08
barbell hacksquat,2,5.0,110.0,79.78,2022-03-08
barbell hacksquat,3,5.0,110.0,79.78,2022-03-08
barbell hacksquat,4,5.0,110.0,79.78,2022-03-08
romanian deadlifts,1,12.0,100.0,79.78,2022-03-08
romanian deadlifts,2,11.0,100.0,79.78,2022-03-08
romanian deadlifts,3,11.0,100.0,79.78,2022-03-08
reverse nordics,1,16.0,0.0,79.78,2022-03-08
reverse nordics,2,14.0,0.0,79.78,2022-03-08
reverse nordics,3,12.0,0.0,79.78,2022-03-08
hamstring curls,1,11.0,5.0,79.78,2022-03-08
hamstring curls,2,9.0,5.0,79.78,2022-03-08
hamstring curls,3,8.0,5.0,79.78,2022-03-08
barbell curls,1,9.0,45.0,80.09,2022-03-10
barbell curls,2,7.0,45.0,80.09,2022-03-10
barbell curls,3,6.0,45.0,80.09,2022-03-10
decline push ups,1,9.0,0.0,80.09,2022-03-10
decline push ups,2,7.0,0.0,80.09,2022-03-10
decline push ups,3,6.0,0.0,80.09,2022-03-10
decline push ups,4,6.0,0.0,80.09,2022-03-10
ring push ups,1,5.0,10.0,80.09,2022-03-10
ring push ups,2,5.0,10.0,80.09,2022-03-10
ring push ups,3,5.0,7.5,80.09,2022-03-10
ring push ups,4,5.0,5.0,80.09,2022-03-10
side lateral,1,20.0,0.0,80.09,2022-03-10
side lateral,2,20.0,0.0,80.09,2022-03-10
side lateral,3,18.0,0.0,80.09,2022-03-10
straight arm pulldown,1,10.0,0.0,80.09,2022-03-10
straight arm pulldown,2,10.0,0.0,80.09,2022-03-10
straight arm pulldown,3,9.0,0.0,80.09,2022-03-10
wide grip rows,1,14.0,55.0,80.09,2022-03-10
wide grip rows,2,12.0,55.0,80.09,2022-03-10
wide grip rows,3,12.0,55.0,80.09,2022-03-10
atg split squats,1,6.0,34.0,79.15,2022-03-12
atg split squats,2,6.0,31.5,79.15,2022-03-12
atg split squats,3,6.0,31.5,79.15,2022-03-12
hamstring curls,1,10.0,5.0,79.15,2022-03-12
hamstring curls,2,9.0,5.0,79.15,2022-03-12
hamstring curls,3,8.0,5.0,79.15,2022-03-12
sissy squats,1,12.0,0.0,79.15,2022-03-12
sissy squats,2,11.0,0.0,79.15,2022-03-12
sissy squats,3,10.0,0.0,79.15,2022-03-12
sumo dl,1,5.0,112.5,79.15,2022-03-12
sumo dl,2,5.0,112.5,79.15,2022-03-12
sumo dl,3,5.0,112.5,79.15,2022-03-12
sumo dl,4,5.0,112.5,79.15,2022-03-12
db shoulder press,1,8.0,0.0,78.21,2022-03-14
db shoulder press,2,7.0,0.0,78.21,2022-03-14
db shoulder press,3,7.0,0.0,78.21,2022-03-14
db shoulder press,4,7.0,0.0,78.21,2022-03-14
pull ups,1,12.0,0.0,78.21,2022-03-14
pull ups,2,8.0,0.0,78.21,2022-03-14
pull ups,3,6.0,0.0,78.21,2022-03-14
pull ups,4,6.0,0.0,78.21,2022-03-14
barbell hacksquat,1,5.0,112.5,79.795,2022-03-17
barbell hacksquat,2,5.0,112.5,79.795,2022-03-17
barbell hacksquat,3,5.0,110.0,79.795,2022-03-17
barbell hacksquat,4,5.0,110.0,79.795,2022-03-17
romanian deadlifts,1,13.0,100.0,79.795,2022-03-17
romanian deadlifts,2,12.0,100.0,79.795,2022-03-17
romanian deadlifts,3,12.0,100.0,79.795,2022-03-17
reverse nordics,1,14.0,0.0,79.795,2022-03-17
reverse nordics,2,14.0,0.0,79.795,2022-03-17
reverse nordics,3,12.0,0.0,79.795,2022-03-17
hamstring curls,1,11.0,5.0,79.795,2022-03-17
hamstring curls,2,9.0,5.0,79.795,2022-03-17
hamstring curls,3,6.0,5.0,79.795,2022-03-17
barbell curls,1,9.0,45.0,78.805,2022-03-20
barbell curls,2,7.0,45.0,78.805,2022-03-20
barbell curls,3,7.0,45.0,78.805,2022-03-20
decline push ups,1,9.0,0.0,78.805,2022-03-20
decline push ups,2,7.0,0.0,78.805,2022-03-20
decline push ups,3,6.0,0.0,78.805,2022-03-20
decline push ups,4,6.0,0.0,78.805,2022-03-20
inverted delt rows,1,16.0,5.0,78.805,2022-03-20
inverted delt rows,2,12.0,7.0,78.805,2022-03-20
inverted delt rows,3,12.0,7.0,78.805,2022-03-20
ring push ups,1,5.0,10.0,78.805,2022-03-20
ring push ups,2,5.0,10.0,78.805,2022-03-20
ring push ups,3,4.0,7.5,78.805,2022-03-20
ring push ups,4,5.0,5.0,78.805,2022-03-20
side lateral,1,20.0,0.0,78.805,2022-03-20
side lateral,2,16.0,0.0,78.805,2022-03-20
side lateral,3,16.0,0.0,78.805,2022-03-20
straight arm pulldown,1,8.0,25.0,78.805,2022-03-20
straight arm pulldown,2,14.0,20.0,78.805,2022-03-20
straight arm pulldown,3,12.0,20.0,78.805,2022-03-20
atg split squats,1,6.0,31.5,79.14,2022-03-22
atg split squats,2,6.0,31.5,79.14,2022-03-22
atg split squats,3,5.0,31.5,79.14,2022-03-22
hamstring curls,1,10.0,5.0,79.14,2022-03-22
hamstring curls,2,9.0,5.0,79.14,2022-03-22
hamstring curls,3,8.0,5.0,79.14,2022-03-22
deadlifts,1,5.0,90.0,79.14,2022-03-22
deadlifts,2,5.0,100.0,79.14,2022-03-22
deadlifts,3,5.0,100.0,79.14,2022-03-22
deadlifts,4,5.0,100.0,79.14,2022-03-22
sissy squats,1,12.0,0.0,79.14,2022-03-22
sissy squats,2,12.0,0.0,79.14,2022-03-22
sissy squats,3,12.0,0.0,79.14,2022-03-22
db shoulder press,1,7.0,20.0,79.145,2022-03-25
db shoulder press,2,6.0,20.75,79.145,2022-03-25
db shoulder press,3,4.0,20.75,79.145,2022-03-25
db shoulder press,4,4.0,20.75,79.145,2022-03-25
decline press,1,12.0,0.0,79.145,2022-03-25
decline press,2,10.0,0.0,79.145,2022-03-25
decline press,3,8.0,0.0,79.145,2022-03-25
lat pulldown,1,8.0,65.0,79.145,2022-03-25
lat pulldown,2,8.0,60.0,79.145,2022-03-25
lat pulldown,3,10.0,55.0,79.145,2022-03-25
inverted rows,1,12.0,0.0,79.145,2022-03-25
inverted rows,2,11.0,0.0,79.145,2022-03-25
inverted rows,3,10.0,0.0,79.145,2022-03-25
pull ups,1,4.0,13.75,79.145,2022-03-25
pull ups,2,5.0,11.25,79.145,2022-03-25
pull ups,3,4.0,8.75,79.145,2022-03-25
pull ups,4,4.0,7.5,79.145,2022-03-25
romanian deadlifts,1,12.0,95.0,78.59,2022-03-27
romanian deadlifts,2,12.0,90.0,78.59,2022-03-27
romanian deadlifts,3,12.0,90.0,78.59,2022-03-27
reverse nordics,1,16.0,0.0,78.59,2022-03-27
reverse nordics,2,14.0,0.0,78.59,2022-03-27
reverse nordics,3,13.0,0.0,78.59,2022-03-27
hamstring curls,1,11.0,5.0,78.59,2022-03-27
hamstring curls,2,11.0,5.0,78.59,2022-03-27
hamstring curls,3,9.0,5.0,78.59,2022-03-27
barbell curls,1,9.0,45.0,79.225,2022-03-29
barbell curls,2,7.0,45.0,79.225,2022-03-29
barbell curls,3,6.0,45.0,79.225,2022-03-29
decline push ups,1,10.0,0.0,79.225,2022-03-29
decline push ups,2,7.0,0.0,79.225,2022-03-29
decline push ups,3,6.0,0.0,79.225,2022-03-29
decline push ups,4,6.0,0.0,79.225,2022-03-29
inverted delt rows,1,13.0,0.0,79.225,2022-03-29
inverted delt rows,2,12.0,0.0,79.225,2022-03-29
inverted delt rows,3,12.0,0.0,79.225,2022-03-29
ring push ups,1,5.0,7.5,79.225,2022-03-29
ring push ups,2,5.0,6.25,79.225,2022-03-29
ring push ups,3,5.0,5.0,79.225,2022-03-29
ring push ups,4,4.0,3.75,79.225,2022-03-29
side lateral,1,24.0,0.0,79.225,2022-03-29
side lateral,2,22.0,0.0,79.225,2022-03-29
side lateral,3,22.0,0.0,79.225,2022-03-29
straight arm pulldown,1,3.0,25.0,79.225,2022-03-29
straight arm pulldown,2,12.0,20.0,79.225,2022-03-29
straight arm pulldown,3,10.0,20.0,79.225,2022-03-29
atg split squats,1,6.0,31.5,78.755,2022-03-31
atg split squats,2,6.0,31.5,78.755,2022-03-31
atg split squats,3,6.0,31.5,78.755,2022-03-31
hamstring curls,1,9.0,5.0,78.755,2022-03-31
hamstring curls,2,8.0,5.0,78.755,2022-03-31
hamstring curls,3,8.0,5.0,78.755,2022-03-31
deadlifts,1,6.0,105.0,78.755,2022-03-31
deadlifts,2,6.0,105.0,78.755,2022-03-31
deadlifts,3,5.0,105.0,78.755,2022-03-31
deadlifts,4,6.0,105.0,78.755,2022-03-31
db shoulder press,1,8.0,20.0,78.93,2022-04-02
db shoulder press,2,5.0,20.75,78.93,2022-04-02
db shoulder press,3,5.0,20.75,78.93,2022-04-02
db shoulder press,4,4.0,20.75,78.93,2022-04-02
decline press,1,11.0,0.0,78.93,2022-04-02
decline press,2,9.0,0.0,78.93,2022-04-02
decline press,3,9.0,0.0,78.93,2022-04-02
lat pulldown,1,9.0,65.0,78.93,2022-04-02
lat pulldown,2,7.0,65.0,78.93,2022-04-02
lat pulldown,3,8.0,60.0,78.93,2022-04-02
inverted rows,1,12.0,0.0,78.93,2022-04-02
inverted rows,2,11.0,0.0,78.93,2022-04-02
inverted rows,3,10.0,0.0,78.93,2022-04-02
pull ups,1,5.0,13.75,78.93,2022-04-02
pull ups,2,5.0,11.25,78.93,2022-04-02
pull ups,3,5.0,8.75,78.93,2022-04-02
pull ups,4,5.0,7.5,78.93,2022-04-02
squats,1,6.0,60.0,79.1,2022-04-04
squats,2,7.0,60.0,79.1,2022-04-04
squats,3,6.0,60.0,79.1,2022-04-04
squats,4,7.0,60.0,79.1,2022-04-04
romanian deadlifts,1,14.0,90.0,79.1,2022-04-04
romanian deadlifts,2,13.0,90.0,79.1,2022-04-04
romanian deadlifts,3,13.0,90.0,79.1,2022-04-04
bench press,1,3.0,70.0,79.095,2022-04-07
bench press,2,5.0,65.0,79.095,2022-04-07
bench press,3,4.0,65.0,79.095,2022-04-07
bench press,4,4.0,60.0,79.095,2022-04-07
barbell curls,1,8.0,45.0,79.095,2022-04-07
barbell curls,2,7.0,42.5,79.095,2022-04-07
barbell curls,3,6.0,42.5,79.095,2022-04-07
decline push ups,1,11.0,0.0,79.095,2022-04-07
decline push ups,2,7.0,0.0,79.095,2022-04-07
decline push ups,3,7.0,0.0,79.095,2022-04-07
decline push ups,4,6.0,0.0,79.095,2022-04-07
inverted delt rows,1,11.0,0.0,79.095,2022-04-07
inverted delt rows,2,11.0,0.0,79.095,2022-04-07
inverted delt rows,3,11.0,0.0,79.095,2022-04-07
side lateral,1,23.0,0.0,79.095,2022-04-07
side lateral,2,20.0,0.0,79.095,2022-04-07
side lateral,3,20.0,0.0,79.095,2022-04-07
straight arm pulldown,1,16.0,20.0,79.095,2022-04-07
straight arm pulldown,2,14.0,20.0,79.095,2022-04-07
straight arm pulldown,3,13.0,20.0,79.095,2022-04-07
atg split squats,1,8.0,31.5,79.06,2022-04-09
atg split squats,2,7.0,31.5,79.06,2022-04-09
atg split squats,3,7.0,31.5,79.06,2022-04-09
deadlifts,1,5.0,110.0,79.06,2022-04-09
deadlifts,2,6.0,105.0,79.06,2022-04-09
deadlifts,3,6.0,105.0,79.06,2022-04-09
deadlifts,4,5.0,105.0,79.06,2022-04-09
decline push ups,1,10.0,0.0,79.22,2022-04-10
decline push ups,2,10.0,0.0,79.22,2022-04-10
decline push ups,3,9.0,0.0,79.22,2022-04-10
lat pulldown,1,9.0,65.0,79.22,2022-04-10
lat pulldown,2,8.0,65.0,79.22,2022-04-10
lat pulldown,3,9.0,60.0,79.22,2022-04-10
overhead press,1,5.0,40.0,79.22,2022-04-10
overhead press,2,5.0,40.0,79.22,2022-04-10
overhead press,3,5.0,40.0,79.22,2022-04-10
overhead press,4,5.0,40.0,79.22,2022-04-10
inverted rows,1,10.0,4.0,79.22,2022-04-10
inverted rows,2,11.0,3.0,79.22,2022-04-10
inverted rows,3,11.0,0.0,79.22,2022-04-10
pull ups,1,6.0,13.75,79.22,2022-04-10
pull ups,2,5.0,11.25,79.22,2022-04-10
pull ups,3,5.0,8.75,79.22,2022-04-10
pull ups,4,5.0,7.5,79.22,2022-04-10
squats,1,5.0,80.0,79.535,2022-04-14
squats,2,5.0,80.0,79.535,2022-04-14
squats,3,5.0,80.0,79.535,2022-04-14
squats,4,5.0,80.0,79.535,2022-04-14
romanian deadlifts,1,12.0,100.0,79.535,2022-04-14
romanian deadlifts,2,12.0,100.0,79.535,2022-04-14
romanian deadlifts,3,11.0,100.0,79.535,2022-04-14
reverse nordics,1,16.0,0.0,79.535,2022-04-14
reverse nordics,2,16.0,0.0,79.535,2022-04-14
reverse nordics,3,15.0,0.0,79.535,2022-04-14
hamstring curls,1,12.0,0.0,79.535,2022-04-14
hamstring curls,2,15.0,0.0,79.535,2022-04-14
hamstring curls,3,15.0,0.0,79.535,2022-04-14
bench press,1,4.0,70.0,79.705,2022-04-16
bench press,2,5.0,65.0,79.705,2022-04-16
bench press,3,6.0,60.0,79.705,2022-04-16
bench press,4,6.0,60.0,79.705,2022-04-16
barbell curls,1,7.0,45.0,79.705,2022-04-16
barbell curls,2,8.0,40.0,79.705,2022-04-16
barbell curls,3,7.0,40.0,79.705,2022-04-16
inverted delt rows,1,16.0,0.0,79.705,2022-04-16
inverted delt rows,2,12.0,0.0,79.705,2022-04-16
inverted delt rows,3,13.0,0.0,79.705,2022-04-16
ring push ups,1,7.0,0.0,79.705,2022-04-16
ring push ups,2,5.0,0.0,79.705,2022-04-16
ring push ups,3,4.0,0.0,79.705,2022-04-16
ring push ups,4,5.0,0.0,79.705,2022-04-16
side lateral,1,24.0,0.0,79.705,2022-04-16
side lateral,2,24.0,0.0,79.705,2022-04-16
side lateral,3,24.0,0.0,79.705,2022-04-16
straight arm pulldown,1,18.0,20.0,79.705,2022-04-16
straight arm pulldown,2,14.0,20.0,79.705,2022-04-16
straight arm pulldown,3,13.0,20.0,79.705,2022-04-16
atg split squats,1,6.0,34.0,80.215,2022-04-18
atg split squats,2,6.0,34.0,80.215,2022-04-18
atg split squats,3,6.0,34.0,80.215,2022-04-18
deadlifts,1,5.0,115.0,80.215,2022-04-18
deadlifts,2,5.0,115.0,80.215,2022-04-18
deadlifts,3,5.0,115.0,80.215,2022-04-18
deadlifts,4,4.0,115.0,80.215,2022-04-18
sissy squats,1,17.0,0.0,80.215,2022-04-18
sissy squats,2,16.0,0.0,80.215,2022-04-18
sissy squats,3,10.0,10.0,80.215,2022-04-18
bench press,1,5.0,65.0,79.03,2022-04-22
bench press,2,4.0,65.0,79.03,2022-04-22
bench press,3,5.0,60.0,79.03,2022-04-22
bench press,4,5.0,60.0,79.03,2022-04-22
lat pulldown,1,9.0,65.0,79.03,2022-04-22
lat pulldown,2,8.0,65.0,79.03,2022-04-22
lat pulldown,3,7.0,65.0,79.03,2022-04-22
inverted rows,1,12.0,0.0,79.03,2022-04-22
inverted rows,2,11.0,0.0,79.03,2022-04-22
inverted rows,3,9.0,0.0,79.03,2022-04-22
pull ups,1,5.0,10.0,79.03,2022-04-22
pull ups,2,5.0,10.0,79.03,2022-04-22
pull ups,3,5.0,5.0,79.03,2022-04-22
pull ups,4,5.0,5.0,79.03,2022-04-22
squats,1,5.0,85.0,80.45,2022-04-24
squats,2,5.0,80.0,80.45,2022-04-24
squats,3,6.0,75.0,80.45,2022-04-24
squats,4,8.0,70.0,80.45,2022-04-24
romanian deadlifts,1,12.0,100.0,80.45,2022-04-24
romanian deadlifts,2,11.0,100.0,80.45,2022-04-24
romanian deadlifts,3,11.0,100.0,80.45,2022-04-24
reverse nordics,1,13.0,10.0,80.45,2022-04-24
reverse nordics,2,12.0,10.0,80.45,2022-04-24
reverse nordics,3,12.0,10.0,80.45,2022-04-24
hamstring curls,1,11.0,5.0,80.45,2022-04-24
hamstring curls,2,11.0,5.0,80.45,2022-04-24
hamstring curls,3,10.0,5.0,80.45,2022-04-24
bench press (pause),1,4.0,65.0,79.9,2022-04-26
bench press (pause),2,5.0,60.0,79.9,2022-04-26
bench press (pause),3,7.0,55.0,79.9,2022-04-26
bench press (pause),4,6.0,55.0,79.9,2022-04-26
dips,1,10.0,0.0,79.9,2022-04-26
dips,2,7.0,0.0,79.9,2022-04-26
dips,3,6.0,0.0,79.9,2022-04-26
lat pulldown,1,10.0,65.0,79.9,2022-04-26
lat pulldown,2,9.0,65.0,79.9,2022-04-26
lat pulldown,3,8.0,65.0,79.9,2022-04-26
inverted rows,1,15.0,0.0,79.9,2022-04-26
inverted rows,2,12.0,0.0,79.9,2022-04-26
inverted rows,3,8.0,0.0,79.9,2022-04-26
side lateral,1,15.0,5.0,79.9,2022-04-26
side lateral,2,15.0,5.0,79.9,2022-04-26
side lateral,3,15.0,5.0,79.9,2022-04-26
tricep extensions,1,10.0,0.0,79.9,2022-04-26
tricep extensions,2,10.0,0.0,79.9,2022-04-26
tricep extensions,3,10.0,0.0,79.9,2022-04-26
atg split squats,1,18.0,0.0,80.32,2022-04-28
atg split squats,2,16.0,0.0,80.32,2022-04-28
atg split squats,3,16.0,0.0,80.32,2022-04-28
hamstring curls,1,11.0,5.0,80.32,2022-04-28
hamstring curls,2,11.0,5.0,80.32,2022-04-28
hamstring curls,3,10.0,5.0,80.32,2022-04-28
squat (pin),1,9.0,70.0,80.32,2022-04-28
squat (pin),2,10.0,70.0,80.32,2022-04-28
squat (pin),3,10.0,70.0,80.32,2022-04-28
sumo dl,1,5.0,115.0,80.32,2022-04-28
sumo dl,2,6.0,115.0,80.32,2022-04-28
sumo dl,3,5.0,115.0,80.32,2022-04-28
barbell curls,1,8.0,40.0,79.69,2022-04-30
barbell curls,2,8.0,40.0,79.69,2022-04-30
barbell curls,3,7.0,40.0,79.69,2022-04-30
bench press,1,4.0,70.0,79.69,2022-04-30
bench press,2,5.0,65.0,79.69,2022-04-30
bench press,3,6.0,60.0,79.69,2022-04-30
bench press,4,6.0,60.0,79.69,2022-04-30
inverted delt rows,1,13.0,0.0,79.69,2022-04-30
inverted delt rows,2,11.0,0.0,79.69,2022-04-30
inverted delt rows,3,11.0,0.0,79.69,2022-04-30
overhead press,1,6.0,40.0,79.69,2022-04-30
overhead press,2,7.0,35.0,79.69,2022-04-30
overhead press,3,7.0,35.0,79.69,2022-04-30
straight arm pulldown,1,18.0,20.0,79.69,2022-04-30
straight arm pulldown,2,16.0,20.0,79.69,2022-04-30
straight arm pulldown,3,14.0,20.0,79.69,2022-04-30
pull ups,1,6.0,10.0,79.69,2022-04-30
pull ups,2,5.0,10.0,79.69,2022-04-30
pull ups,3,6.0,5.0,79.69,2022-04-30
squats,1,6.0,85.0,79.88,2022-05-02
squats,2,5.0,85.0,79.88,2022-05-02
squats,3,6.0,80.0,79.88,2022-05-02
squats,4,5.0,80.0,79.88,2022-05-02
hamstring curls,1,10.0,5.0,79.88,2022-05-02
hamstring curls,2,7.0,5.0,79.88,2022-05-02
hamstring curls,3,8.0,5.0,79.88,2022-05-02
romanian deadlifts,1,11.0,105.0,79.88,2022-05-02
romanian deadlifts,2,10.0,105.0,79.88,2022-05-02
romanian deadlifts,3,13.0,100.0,79.88,2022-05-02
reverse nordics,1,16.0,10.0,79.88,2022-05-02
reverse nordics,2,14.0,0.0,79.88,2022-05-02
reverse nordics,3,14.0,0.0,79.88,2022-05-02
bench press (pause),1,4.0,65.0,80.91499999999999,2022-05-04
bench press (pause),2,5.0,60.0,80.91499999999999,2022-05-04
bench press (pause),3,6.0,57.5,80.91499999999999,2022-05-04
bench press (pause),4,5.0,57.5,80.91499999999999,2022-05-04
dips,1,10.0,0.0,80.91499999999999,2022-05-04
dips,2,9.0,0.0,80.91499999999999,2022-05-04
dips,3,8.0,0.0,80.91499999999999,2022-05-04
one arm lat pulldown,1,10.0,25.0,80.91499999999999,2022-05-04
one arm lat pulldown,2,10.0,25.0,80.91499999999999,2022-05-04
one arm lat pulldown,3,9.0,25.0,80.91499999999999,2022-05-04
inverted rows,1,14.0,0.0,80.91499999999999,2022-05-04
inverted rows,2,10.0,0.0,80.91499999999999,2022-05-04
inverted rows,3,9.0,0.0,80.91499999999999,2022-05-04
side lateral,1,16.0,5.0,80.91499999999999,2022-05-04
side lateral,2,15.0,5.0,80.91499999999999,2022-05-04
side lateral,3,12.0,5.0,80.91499999999999,2022-05-04
tricep extensions,1,15.0,0.0,80.91499999999999,2022-05-04
tricep extensions,2,12.0,0.0,80.91499999999999,2022-05-04
tricep extensions,3,10.0,0.0,80.91499999999999,2022-05-04
atg split squats,1,20.0,0.0,80.76,2022-05-06
atg split squats,2,18.0,0.0,80.76,2022-05-06
atg split squats,3,18.0,0.0,80.76,2022-05-06
hamstring curls,1,15.0,5.0,80.76,2022-05-06
hamstring curls,2,14.0,5.0,80.76,2022-05-06
hamstring curls,3,13.0,5.0,80.76,2022-05-06
squat (pin),1,4.0,75.0,80.76,2022-05-06
squat (pin),2,7.0,70.0,80.76,2022-05-06
squat (pin),3,8.0,65.0,80.76,2022-05-06
sumo dl,1,5.0,120.0,80.76,2022-05-06
sumo dl,2,5.0,115.0,80.76,2022-05-06
sumo dl,3,5.0,115.0,80.76,2022-05-06
sumo dl,4,5.0,115.0,80.76,2022-05-06
barbell curls,1,9.0,40.0,80.955,2022-05-08
barbell curls,2,8.0,40.0,80.955,2022-05-08
barbell curls,3,7.0,40.0,80.955,2022-05-08
bench press,1,3.0,70.0,80.955,2022-05-08
bench press,2,5.0,65.0,80.955,2022-05-08
bench press,3,6.0,60.0,80.955,2022-05-08
bench press,4,6.0,60.0,80.955,2022-05-08
inverted delt rows,1,14.0,0.0,80.955,2022-05-08
inverted delt rows,2,12.0,0.0,80.955,2022-05-08
inverted delt rows,3,11.0,0.0,80.955,2022-05-08
overhead press,1,6.0,42.5,80.955,2022-05-08
overhead press,2,5.0,42.5,80.955,2022-05-08
overhead press,3,5.0,40.0,80.955,2022-05-08
straight arm pulldown,1,12.0,0.0,80.955,2022-05-08
straight arm pulldown,2,12.0,0.0,80.955,2022-05-08
straight arm pulldown,3,11.0,0.0,80.955,2022-05-08
pull ups,1,6.0,10.0,80.955,2022-05-08
pull ups,2,5.0,10.0,80.955,2022-05-08
pull ups,3,7.0,5.0,80.955,2022-05-08
squats,1,6.0,87.5,80.39,2022-05-10
squats,2,5.0,87.5,80.39,2022-05-10
squats,3,6.0,85.0,80.39,2022-05-10
squats,4,5.0,85.0,80.39,2022-05-10
hamstring curls,1,7.0,10.0,80.39,2022-05-10
hamstring curls,2,7.0,10.0,80.39,2022-05-10
hamstring curls,3,7.0,10.0,80.39,2022-05-10
romanian deadlifts,1,10.0,110.0,80.39,2022-05-10
romanian deadlifts,2,12.0,105.0,80.39,2022-05-10
romanian deadlifts,3,12.0,105.0,80.39,2022-05-10
reverse nordics,1,14.0,0.0,80.39,2022-05-10
reverse nordics,2,13.0,0.0,80.39,2022-05-10
reverse nordics,3,12.0,0.0,80.39,2022-05-10
dips,1,12.0,0.0,79.435,2022-05-12
dips,2,9.0,0.0,79.435,2022-05-12
dips,3,7.0,0.0,79.435,2022-05-12
larsen press,1,5.0,65.0,79.435,2022-05-12
larsen press,2,8.0,60.0,79.435,2022-05-12
larsen press,3,6.0,60.0,79.435,2022-05-12
larsen press,4,5.0,60.0,79.435,2022-05-12
one arm lat pulldown,1,9.0,30.0,79.435,2022-05-12
one arm lat pulldown,2,9.0,30.0,79.435,2022-05-12
one arm lat pulldown,3,8.0,30.0,79.435,2022-05-12
inverted rows,1,16.0,0.0,79.435,2022-05-12
inverted rows,2,11.0,0.0,79.435,2022-05-12
inverted rows,3,10.0,0.0,79.435,2022-05-12
side lateral,1,17.0,5.0,79.435,2022-05-12
side lateral,2,14.0,5.0,79.435,2022-05-12
side lateral,3,15.0,3.75,79.435,2022-05-12
tricep extensions,1,16.0,0.0,79.435,2022-05-12
tricep extensions,2,14.0,0.0,79.435,2022-05-12
tricep extensions,3,11.0,0.0,79.435,2022-05-12
atg split squats,1,22.0,0.0,80.14,2022-05-14
atg split squats,2,20.0,0.0,80.14,2022-05-14
atg split squats,3,20.0,0.0,80.14,2022-05-14
hamstring curls,1,10.0,10.0,80.14,2022-05-14
hamstring curls,2,9.0,10.0,80.14,2022-05-14
hamstring curls,3,9.0,10.0,80.14,2022-05-14
squat (pin),1,6.0,75.0,80.14,2022-05-14
squat (pin),2,6.0,75.0,80.14,2022-05-14
squat (pin),3,6.0,75.0,80.14,2022-05-14
sumo dl,1,5.0,120.0,80.14,2022-05-14
sumo dl,2,4.0,120.0,80.14,2022-05-14
sumo dl,3,6.0,115.0,80.14,2022-05-14
sumo dl,4,5.0,115.0,80.14,2022-05-14
barbell curls,1,8.0,42.5,80.16999999999999,2022-05-18
barbell curls,2,8.0,40.0,80.16999999999999,2022-05-18
barbell curls,3,7.0,40.0,80.16999999999999,2022-05-18
bench press,1,3.0,70.0,80.16999999999999,2022-05-18
bench press,2,5.0,65.0,80.16999999999999,2022-05-18
bench press,3,4.0,65.0,80.16999999999999,2022-05-18
bench press,4,7.0,60.0,80.16999999999999,2022-05-18
inverted delt rows,1,13.0,0.0,80.16999999999999,2022-05-18
inverted delt rows,2,11.0,0.0,80.16999999999999,2022-05-18
inverted delt rows,3,10.0,0.0,80.16999999999999,2022-05-18
overhead press,1,5.0,45.0,80.16999999999999,2022-05-18
overhead press,2,5.0,42.5,80.16999999999999,2022-05-18
overhead press,3,5.0,40.0,80.16999999999999,2022-05-18
straight arm pulldown,1,11.0,5.0,80.16999999999999,2022-05-18
straight arm pulldown,2,11.0,5.0,80.16999999999999,2022-05-18
straight arm pulldown,3,11.0,5.0,80.16999999999999,2022-05-18
pull ups,1,7.0,10.0,80.16999999999999,2022-05-18
pull ups,2,6.0,10.0,80.16999999999999,2022-05-18
pull ups,3,5.0,10.0,80.16999999999999,2022-05-18
squats,1,5.0,90.0,79.82,2022-05-20
squats,2,6.0,85.0,79.82,2022-05-20
squats,3,6.0,85.0,79.82,2022-05-20
squats,4,5.0,85.0,79.82,2022-05-20
hamstring curls,1,11.0,10.0,79.82,2022-05-20
hamstring curls,2,10.0,10.0,79.82,2022-05-20
hamstring curls,3,9.0,10.0,79.82,2022-05-20
romanian deadlifts,1,10.0,110.0,79.82,2022-05-20
romanian deadlifts,2,12.0,105.0,79.82,2022-05-20
romanian deadlifts,3,12.0,105.0,79.82,2022-05-20
reverse nordics,1,14.0,0.0,79.82,2022-05-20
reverse nordics,2,13.0,0.0,79.82,2022-05-20
reverse nordics,3,12.0,0.0,79.82,2022-05-20
dips,1,8.0,5.0,80.985,2022-05-22
dips,2,10.0,0.0,80.985,2022-05-22
dips,3,9.0,0.0,80.985,2022-05-22
larsen press,1,5.0,67.5,80.985,2022-05-22
larsen press,2,7.0,62.5,80.985,2022-05-22
larsen press,3,5.0,62.5,80.985,2022-05-22
larsen press,4,6.0,60.0,80.985,2022-05-22
one arm lat pulldown,1,9.0,30.0,80.985,2022-05-22
one arm lat pulldown,2,8.0,30.0,80.985,2022-05-22
one arm lat pulldown,3,8.0,30.0,80.985,2022-05-22
inverted rows,1,15.0,0.0,80.985,2022-05-22
inverted rows,2,13.0,0.0,80.985,2022-05-22
inverted rows,3,12.0,0.0,80.985,2022-05-22
side lateral,1,14.0,5.0,80.985,2022-05-22
side lateral,2,11.0,5.0,80.985,2022-05-22
side lateral,3,10.0,5.0,80.985,2022-05-22
tricep extensions,1,14.0,0.0,80.985,2022-05-22
tricep extensions,2,13.0,0.0,80.985,2022-05-22
tricep extensions,3,12.0,0.0,80.985,2022-05-22
lunges,1,34.0,0.0,80.14,2022-05-26
lunges,2,16.0,10.0,80.14,2022-05-26
lunges,3,16.0,10.0,80.14,2022-05-26
hamstring curls,1,12.0,10.0,80.14,2022-05-26
hamstring curls,2,11.0,10.0,80.14,2022-05-26
hamstring curls,3,9.0,10.0,80.14,2022-05-26
squat (pin),1,6.0,80.0,80.14,2022-05-26
squat (pin),2,5.0,80.0,80.14,2022-05-26
squat (pin),3,7.0,75.0,80.14,2022-05-26
sumo dl,1,4.0,125.0,80.14,2022-05-26
sumo dl,2,5.0,120.0,80.14,2022-05-26
sumo dl,3,4.0,120.0,80.14,2022-05-26
sumo dl,4,6.0,115.0,80.14,2022-05-26
squats,1,5.0,90.0,79.7,2022-05-28
squats,2,5.0,90.0,79.7,2022-05-28
squats,3,6.0,85.0,79.7,2022-05-28
squats,4,6.0,85.0,79.7,2022-05-28
barbell curls,1,8.0,42.5,79.7,2022-05-28
barbell curls,2,6.0,42.5,79.7,2022-05-28
barbell curls,3,7.0,40.0,79.7,2022-05-28
bench press,1,4.0,67.5,79.7,2022-05-28
bench press,2,5.0,65.0,79.7,2022-05-28
bench press,3,5.0,62.5,79.7,2022-05-28
bench press,4,5.0,62.5,79.7,2022-05-28
inverted delt rows,1,13.0,0.0,79.7,2022-05-28
inverted delt rows,2,11.0,0.0,79.7,2022-05-28
inverted delt rows,3,11.0,0.0,79.7,2022-05-28
good mornings,1,12.0,50.0,79.7,2022-05-28
good mornings,2,12.0,50.0,79.7,2022-05-28
good mornings,3,12.0,50.0,79.7,2022-05-28
overhead press,1,5.0,45.0,79.7,2022-05-28
overhead press,2,5.0,42.5,79.7,2022-05-28
overhead press,3,6.0,40.0,79.7,2022-05-28
straight arm pulldown,1,13.0,5.0,79.7,2022-05-28
straight arm pulldown,2,12.0,5.0,79.7,2022-05-28
straight arm pulldown,3,10.0,5.0,79.7,2022-05-28
pull ups,1,8.0,10.0,79.7,2022-05-28
pull ups,2,6.0,10.0,79.7,2022-05-28
pull ups,3,6.0,10.0,79.7,2022-05-28
dips,1,8.0,5.0,81.61,2022-06-02
dips,2,8.0,0.0,81.61,2022-06-02
dips,3,6.0,0.0,81.61,2022-06-02
larsen press,1,4.0,70.0,81.61,2022-06-02
larsen press,2,5.0,65.0,81.61,2022-06-02
larsen press,3,7.0,62.5,81.61,2022-06-02
larsen press,4,5.0,62.5,81.61,2022-06-02
one arm lat pulldown,1,9.0,30.0,81.61,2022-06-02
one arm lat pulldown,2,8.0,30.0,81.61,2022-06-02
one arm lat pulldown,3,8.0,30.0,81.61,2022-06-02
inverted rows,1,14.0,0.0,81.61,2022-06-02
inverted rows,2,10.0,0.0,81.61,2022-06-02
inverted rows,3,8.0,0.0,81.61,2022-06-02
side lateral,1,15.0,5.0,81.61,2022-06-02
side lateral,2,15.0,5.0,81.61,2022-06-02
side lateral,3,14.0,5.0,81.61,2022-06-02
tricep extensions,1,12.0,0.0,81.61,2022-06-02
tricep extensions,2,14.0,0.0,81.61,2022-06-02
tricep extensions,3,13.0,0.0,81.61,2022-06-02
atg heel elevated squat,1,16.0,19.5,80.43,2022-06-04
atg heel elevated squat,2,12.0,19.5,80.43,2022-06-04
atg heel elevated squat,3,11.0,19.5,80.43,2022-06-04
hamstring curls,1,11.0,10.0,80.43,2022-06-04
hamstring curls,2,10.0,10.0,80.43,2022-06-04
hamstring curls,3,9.0,10.0,80.43,2022-06-04
squat (pin),1,7.0,80.0,80.43,2022-06-04
squat (pin),2,7.0,80.0,80.43,2022-06-04
squat (pin),3,6.0,80.0,80.43,2022-06-04
sumo dl,1,5.0,125.0,80.43,2022-06-04
sumo dl,2,5.0,120.0,80.43,2022-06-04
sumo dl,3,5.0,120.0,80.43,2022-06-04
sumo dl,4,6.0,115.0,80.43,2022-06-04
bench press,1,4.0,70.0,81.99000000000001,2022-06-06
bench press,2,5.0,65.0,81.99000000000001,2022-06-06
bench press,3,6.0,62.5,81.99000000000001,2022-06-06
bench press,4,4.0,62.5,81.99000000000001,2022-06-06
db curls,1,12.0,19.5,81.99000000000001,2022-06-06
db curls,2,14.0,17.0,81.99000000000001,2022-06-06
db curls,3,16.0,14.5,81.99000000000001,2022-06-06
inverted delt rows,1,15.0,0.0,81.99000000000001,2022-06-06
inverted delt rows,2,13.0,0.0,81.99000000000001,2022-06-06
inverted delt rows,3,11.0,0.0,81.99000000000001,2022-06-06
overhead press,1,5.0,45.0,81.99000000000001,2022-06-06
overhead press,2,4.0,45.0,81.99000000000001,2022-06-06
overhead press,3,5.0,42.5,81.99000000000001,2022-06-06
straight arm pulldown,1,16.0,5.0,81.99000000000001,2022-06-06
straight arm pulldown,2,14.0,5.0,81.99000000000001,2022-06-06
straight arm pulldown,3,14.0,5.0,81.99000000000001,2022-06-06
pull ups,1,6.0,12.5,81.99000000000001,2022-06-06
pull ups,2,6.0,10.0,81.99000000000001,2022-06-06
pull ups,3,6.0,10.0,81.99000000000001,2022-06-06
squats,1,5.0,92.5,81.535,2022-06-08
squats,2,5.0,90.0,81.535,2022-06-08
squats,3,6.0,85.0,81.535,2022-06-08
squats,4,6.0,85.0,81.535,2022-06-08
good mornings,1,14.0,60.0,81.535,2022-06-08
good mornings,2,14.0,60.0,81.535,2022-06-08
good mornings,3,13.0,60.0,81.535,2022-06-08
hamstring curls,1,12.0,10.0,81.535,2022-06-08
hamstring curls,2,11.0,10.0,81.535,2022-06-08
hamstring curls,3,8.0,10.0,81.535,2022-06-08
reverse nordics,1,8.0,0.0,81.535,2022-06-08
reverse nordics,2,8.0,0.0,81.535,2022-06-08
reverse nordics,3,7.0,0.0,81.535,2022-06-08
dips,1,11.0,0.0,80.465,2022-06-11
dips,2,9.0,0.0,80.465,2022-06-11
dips,3,7.0,0.0,80.465,2022-06-11
larsen press,1,4.0,70.0,80.465,2022-06-11
larsen press,2,5.0,65.0,80.465,2022-06-11
larsen press,3,5.0,62.5,80.465,2022-06-11
larsen press,4,7.0,57.5,80.465,2022-06-11
one arm lat pulldown,1,7.0,30.0,80.465,2022-06-11
one arm lat pulldown,2,9.0,25.0,80.465,2022-06-11
one arm lat pulldown,3,9.0,25.0,80.465,2022-06-11
inverted rows,1,14.0,0.0,80.465,2022-06-11
inverted rows,2,11.0,0.0,80.465,2022-06-11
inverted rows,3,10.0,0.0,80.465,2022-06-11
side lateral,1,16.0,5.0,80.465,2022-06-11
side lateral,2,15.0,5.0,80.465,2022-06-11
side lateral,3,14.0,5.0,80.465,2022-06-11
tricep extensions,1,14.0,0.0,80.465,2022-06-11
tricep extensions,2,12.0,0.0,80.465,2022-06-11
tricep extensions,3,11.0,0.0,80.465,2022-06-11
atg heel elevated squat,1,14.0,22.0,79.85,2022-06-13
atg heel elevated squat,2,12.0,22.0,79.85,2022-06-13
atg heel elevated squat,3,12.0,22.0,79.85,2022-06-13
hamstring curls,1,10.0,10.0,79.85,2022-06-13
hamstring curls,2,9.0,10.0,79.85,2022-06-13
hamstring curls,3,8.0,10.0,79.85,2022-06-13
squat (pin),1,7.0,80.0,79.85,2022-06-13
squat (pin),2,6.0,80.0,79.85,2022-06-13
squat (pin),3,6.0,80.0,79.85,2022-06-13
sumo dl,1,2.0,125.0,79.85,2022-06-13
sumo dl,2,5.0,115.0,79.85,2022-06-13
sumo dl,3,3.0,110.0,79.85,2022-06-13
sumo dl,4,10.0,90.0,79.85,2022-06-13
db curls,1,10.0,19.5,80.42,2022-06-15
db curls,2,10.0,17.0,80.42,2022-06-15
db curls,3,18.0,12.0,80.42,2022-06-15
inverted delt rows,1,13.0,0.0,80.42,2022-06-15
inverted delt rows,2,11.0,0.0,80.42,2022-06-15
inverted delt rows,3,11.0,0.0,80.42,2022-06-15
overhead press,1,5.0,45.0,80.42,2022-06-15
overhead press,2,6.0,40.0,80.42,2022-06-15
overhead press,3,5.0,40.0,80.42,2022-06-15
push ups,1,6.0,20.0,80.42,2022-06-15
push ups,2,5.0,20.0,80.42,2022-06-15
push ups,3,4.0,17.5,80.42,2022-06-15
push ups,4,5.0,15.0,80.42,2022-06-15
straight arm pulldown,1,8.0,10.0,80.42,2022-06-15
straight arm pulldown,2,16.0,5.0,80.42,2022-06-15
straight arm pulldown,3,14.0,5.0,80.42,2022-06-15
pull ups,1,6.0,12.5,80.42,2022-06-15
pull ups,2,6.0,10.0,80.42,2022-06-15
pull ups,3,6.0,10.0,80.42,2022-06-15
squats,1,6.0,90.0,81.87333333333333,2022-06-17
squats,2,5.0,90.0,81.87333333333333,2022-06-17
squats,3,5.0,90.0,81.87333333333333,2022-06-17
squats,4,6.0,85.0,81.87333333333333,2022-06-17
good mornings,1,12.0,65.0,81.87333333333333,2022-06-17
good mornings,2,14.0,65.0,81.87333333333333,2022-06-17
good mornings,3,13.0,65.0,81.87333333333333,2022-06-17
hamstring curls,1,11.0,10.0,81.87333333333333,2022-06-17
hamstring curls,2,10.0,10.0,81.87333333333333,2022-06-17
hamstring curls,3,9.0,10.0,81.87333333333333,2022-06-17
reverse nordics,1,8.0,0.0,81.87333333333333,2022-06-17
reverse nordics,2,7.0,0.0,81.87333333333333,2022-06-17
reverse nordics,3,7.0,0.0,81.87333333333333,2022-06-17
bench press,1,5.0,65.0,81.81333333333333,2022-06-19
bench press,2,6.0,60.0,81.81333333333333,2022-06-19
bench press,3,7.0,55.0,81.81333333333333,2022-06-19
bench press,4,7.0,55.0,81.81333333333333,2022-06-19
dips,1,10.0,0.0,81.81333333333333,2022-06-19
dips,2,8.0,0.0,81.81333333333333,2022-06-19
dips,3,7.0,0.0,81.81333333333333,2022-06-19
one arm lat pulldown,1,8.0,30.0,81.81333333333333,2022-06-19
one arm lat pulldown,2,11.0,25.0,81.81333333333333,2022-06-19
one arm lat pulldown,3,11.0,25.0,81.81333333333333,2022-06-19
inverted rows,1,15.0,0.0,81.81333333333333,2022-06-19
inverted rows,2,12.0,0.0,81.81333333333333,2022-06-19
inverted rows,3,11.0,0.0,81.81333333333333,2022-06-19
side lateral,1,14.0,5.0,81.81333333333333,2022-06-19
side lateral,2,12.0,5.0,81.81333333333333,2022-06-19
side lateral,3,10.0,5.0,81.81333333333333,2022-06-19
tricep extensions,1,14.0,0.0,81.81333333333333,2022-06-19
tricep extensions,2,11.0,0.0,81.81333333333333,2022-06-19
tricep extensions,3,10.0,0.0,81.81333333333333,2022-06-19
atg heel elevated squat,1,16.0,22.0,81.31,2022-06-22
atg heel elevated squat,2,14.0,22.0,81.31,2022-06-22
atg heel elevated squat,3,12.0,22.0,81.31,2022-06-22
hamstring curls,1,12.0,10.0,81.31,2022-06-22
hamstring curls,2,11.0,10.0,81.31,2022-06-22
hamstring curls,3,9.0,10.0,81.31,2022-06-22
squat (pin),1,6.0,85.0,81.31,2022-06-22
squat (pin),2,5.0,85.0,81.31,2022-06-22
squat (pin),3,6.0,80.0,81.31,2022-06-22
sumo dl,1,6.0,120.0,81.31,2022-06-22
sumo dl,2,5.0,120.0,81.31,2022-06-22
sumo dl,3,5.0,120.0,81.31,2022-06-22
sumo dl,4,6.0,115.0,81.31,2022-06-22
inverted delt rows,1,14.0,0.0,80.58,2022-06-24
inverted delt rows,2,11.0,0.0,80.58,2022-06-24
inverted delt rows,3,11.0,0.0,80.58,2022-06-24
overhead press,1,7.0,40.0,80.58,2022-06-24
overhead press,2,5.0,40.0,80.58,2022-06-24
overhead press,3,5.0,40.0,80.58,2022-06-24
push ups,1,7.0,20.0,80.58,2022-06-24
push ups,2,5.0,20.0,80.58,2022-06-24
push ups,3,6.0,15.0,80.58,2022-06-24
push ups,4,5.0,15.0,80.58,2022-06-24
straight arm pulldown,1,8.0,10.0,80.58,2022-06-24
straight arm pulldown,2,7.0,10.0,80.58,2022-06-24
straight arm pulldown,3,14.0,5.0,80.58,2022-06-24
pull ups,1,7.0,12.5,80.58,2022-06-24
pull ups,2,6.0,12.5,80.58,2022-06-24
pull ups,3,7.0,10.0,80.58,2022-06-24
squats,1,5.0,95.0,81.65666666666668,2022-06-27
squats,2,5.0,90.0,81.65666666666668,2022-06-27
squats,3,5.0,90.0,81.65666666666668,2022-06-27
squats,4,6.0,85.0,81.65666666666668,2022-06-27
good mornings,1,16.0,65.0,81.65666666666668,2022-06-27
good mornings,2,14.0,65.0,81.65666666666668,2022-06-27
good mornings,3,14.0,65.0,81.65666666666668,2022-06-27
hamstring curls,1,13.0,10.0,81.65666666666668,2022-06-27
hamstring curls,2,11.0,10.0,81.65666666666668,2022-06-27
hamstring curls,3,11.0,10.0,81.65666666666668,2022-06-27
reverse nordics,1,11.0,0.0,81.65666666666668,2022-06-27
reverse nordics,2,9.0,0.0,81.65666666666668,2022-06-27
reverse nordics,3,8.0,0.0,81.65666666666668,2022-06-27
dips,1,10.0,0.0,81.35499999999999,2022-06-29
dips,2,8.0,0.0,81.35499999999999,2022-06-29
dips,3,7.0,0.0,81.35499999999999,2022-06-29
one arm lat pulldown,1,8.0,30.0,81.35499999999999,2022-06-29
one arm lat pulldown,2,12.0,25.0,81.35499999999999,2022-06-29
one arm lat pulldown,3,11.0,25.0,81.35499999999999,2022-06-29
push ups,1,5.0,22.5,81.35499999999999,2022-06-29
push ups,2,6.0,20.0,81.35499999999999,2022-06-29
push ups,3,5.0,20.0,81.35499999999999,2022-06-29
push ups,4,5.0,17.5,81.35499999999999,2022-06-29
inverted rows,1,15.0,0.0,81.35499999999999,2022-06-29
inverted rows,2,13.0,0.0,81.35499999999999,2022-06-29
inverted rows,3,12.0,0.0,81.35499999999999,2022-06-29
side lateral,1,14.0,5.0,81.35499999999999,2022-06-29
side lateral,2,12.0,5.0,81.35499999999999,2022-06-29
side lateral,3,11.0,0.0,81.35499999999999,2022-06-29
tricep extensions,1,15.0,0.0,81.35499999999999,2022-06-29
tricep extensions,2,14.0,0.0,81.35499999999999,2022-06-29
tricep extensions,3,11.0,0.0,81.35499999999999,2022-06-29
atg heel elevated squat,1,10.0,30.0,81.63,2022-07-01
atg heel elevated squat,2,10.0,30.0,81.63,2022-07-01
atg heel elevated squat,3,10.0,30.0,81.63,2022-07-01
hamstring curls,1,6.0,15.0,81.63,2022-07-01
hamstring curls,2,10.0,10.0,81.63,2022-07-01
hamstring curls,3,10.0,10.0,81.63,2022-07-01
squat (pin),1,6.0,85.0,81.63,2022-07-01
squat (pin),2,6.0,85.0,81.63,2022-07-01
squat (pin),3,5.0,85.0,81.63,2022-07-01
sumo dl,1,5.0,125.0,81.63,2022-07-01
sumo dl,2,5.0,120.0,81.63,2022-07-01
sumo dl,3,2.0,120.0,81.63,2022-07-01
sumo dl,4,8.0,110.0,81.63,2022-07-01
db curls,1,7.0,17.0,81.60666666666667,2022-07-03
db curls,2,6.0,17.0,81.60666666666667,2022-07-03
db curls,3,9.0,14.5,81.60666666666667,2022-07-03
inverted delt rows,1,16.0,0.0,81.60666666666667,2022-07-03
inverted delt rows,2,13.0,0.0,81.60666666666667,2022-07-03
inverted delt rows,3,12.0,0.0,81.60666666666667,2022-07-03
overhead press,1,5.0,42.5,81.60666666666667,2022-07-03
overhead press,2,6.0,40.0,81.60666666666667,2022-07-03
overhead press,3,5.0,40.0,81.60666666666667,2022-07-03
push ups,1,5.0,22.5,81.60666666666667,2022-07-03
push ups,2,5.0,20.0,81.60666666666667,2022-07-03
push ups,3,5.0,20.0,81.60666666666667,2022-07-03
push ups,4,6.0,17.5,81.60666666666667,2022-07-03
straight arm pulldown,1,9.0,10.0,81.60666666666667,2022-07-03
straight arm pulldown,2,8.0,10.0,81.60666666666667,2022-07-03
straight arm pulldown,3,16.0,5.0,81.60666666666667,2022-07-03
pull ups,1,6.0,15.0,81.60666666666667,2022-07-03
pull ups,2,5.0,15.0,81.60666666666667,2022-07-03
pull ups,3,6.0,12.5,81.60666666666667,2022-07-03
squats,1,5.0,90.0,81.945,2022-07-08
squats,2,5.0,90.0,81.945,2022-07-08
squats,3,5.0,90.0,81.945,2022-07-08
squats,4,5.0,90.0,81.945,2022-07-08
hyperextensions,1,16.0,44.0,81.945,2022-07-08
hyperextensions,2,14.0,44.0,81.945,2022-07-08
hyperextensions,3,10.0,44.0,81.945,2022-07-08
hamstring curls,1,10.0,10.0,81.945,2022-07-08
hamstring curls,2,8.0,10.0,81.945,2022-07-08
hamstring curls,3,7.0,10.0,81.945,2022-07-08
reverse nordics,1,10.0,0.0,81.945,2022-07-08
reverse nordics,2,10.0,0.0,81.945,2022-07-08
reverse nordics,3,10.0,0.0,81.945,2022-07-08
dips,1,11.0,0.0,80.9,2022-07-10
dips,2,6.0,0.0,80.9,2022-07-10
dips,3,5.0,0.0,80.9,2022-07-10
one arm lat pulldown,1,9.0,30.0,80.9,2022-07-10
one arm lat pulldown,2,9.0,30.0,80.9,2022-07-10
one arm lat pulldown,3,8.0,30.0,80.9,2022-07-10
push ups,1,6.0,22.5,80.9,2022-07-10
push ups,2,5.0,22.5,80.9,2022-07-10
push ups,3,5.0,20.0,80.9,2022-07-10
push ups,4,5.0,17.5,80.9,2022-07-10
side lateral,1,12.0,5.0,80.9,2022-07-10
side lateral,2,10.0,5.0,80.9,2022-07-10
side lateral,3,8.0,5.0,80.9,2022-07-10
tricep extensions,1,10.0,0.0,80.9,2022-07-10
tricep extensions,2,9.0,0.0,80.9,2022-07-10
tricep extensions,3,7.0,0.0,80.9,2022-07-10
inverted rows,1,14.0,0.0,80.9,2022-07-10
inverted rows,2,10.0,0.0,80.9,2022-07-10
inverted rows,3,9.0,0.0,80.9,2022-07-10
atg split squats,1,17.0,0.0,81.86,2022-07-12
atg split squats,2,20.0,0.0,81.86,2022-07-12
atg split squats,3,18.0,0.0,81.86,2022-07-12
hamstring curls,1,6.0,15.0,81.86,2022-07-12
hamstring curls,2,9.0,10.0,81.86,2022-07-12
hamstring curls,3,9.0,10.0,81.86,2022-07-12
squat (pause),1,6.0,70.0,81.86,2022-07-12
squat (pause),2,6.0,70.0,81.86,2022-07-12
squat (pause),3,6.0,70.0,81.86,2022-07-12
sumo dl,1,5.0,125.0,81.86,2022-07-12
sumo dl,2,5.0,125.0,81.86,2022-07-12
sumo dl,3,6.0,120.0,81.86,2022-07-12
sumo dl,4,5.0,120.0,81.86,2022-07-12
db curls,1,8.0,17.0,82.09,2022-07-14
db curls,2,7.0,17.0,82.09,2022-07-14
db curls,3,9.0,14.5,82.09,2022-07-14
inverted delt rows,1,14.0,0.0,82.09,2022-07-14
inverted delt rows,2,13.0,0.0,82.09,2022-07-14
inverted delt rows,3,13.0,0.0,82.09,2022-07-14
overhead press,1,5.0,42.5,82.09,2022-07-14
overhead press,2,5.0,42.5,82.09,2022-07-14
overhead press,3,6.0,40.0,82.09,2022-07-14
ring push ups,1,7.0,0.0,82.09,2022-07-14
ring push ups,2,5.0,0.0,82.09,2022-07-14
ring push ups,3,4.0,0.0,82.09,2022-07-14
ring push ups,4,4.0,0.0,82.09,2022-07-14
straight arm pulldown,1,9.0,10.0,82.09,2022-07-14
straight arm pulldown,2,8.0,10.0,82.09,2022-07-14
straight arm pulldown,3,16.0,5.0,82.09,2022-07-14
pull ups,1,6.0,15.0,82.09,2022-07-14
pull ups,2,5.0,15.0,82.09,2022-07-14
pull ups,3,6.0,12.5,82.09,2022-07-14
squats,1,5.0,95.0,81.23,2022-07-16
squats,2,5.0,90.0,81.23,2022-07-16
squats,3,5.0,90.0,81.23,2022-07-16
squats,4,5.0,90.0,81.23,2022-07-16
hyperextensions,1,16.0,44.0,81.23,2022-07-16
hyperextensions,2,14.0,44.0,81.23,2022-07-16
hyperextensions,3,11.0,44.0,81.23,2022-07-16
hamstring curls,1,11.0,10.0,81.23,2022-07-16
hamstring curls,2,9.0,10.0,81.23,2022-07-16
hamstring curls,3,8.0,10.0,81.23,2022-07-16
reverse nordics,1,9.0,0.0,81.23,2022-07-16
reverse nordics,2,9.0,0.0,81.23,2022-07-16
reverse nordics,3,8.0,0.0,81.23,2022-07-16
dips,1,11.0,0.0,80.05,2022-07-18
dips,2,6.0,0.0,80.05,2022-07-18
dips,3,6.0,0.0,80.05,2022-07-18
one arm lat pulldown,1,10.0,30.0,80.05,2022-07-18
one arm lat pulldown,2,9.0,30.0,80.05,2022-07-18
one arm lat pulldown,3,9.0,30.0,80.05,2022-07-18
push ups,1,6.0,22.5,80.05,2022-07-18
push ups,2,5.0,22.5,80.05,2022-07-18
push ups,3,6.0,20.0,80.05,2022-07-18
push ups,4,5.0,20.0,80.05,2022-07-18
side lateral,1,13.0,5.0,80.05,2022-07-18
side lateral,2,12.0,5.0,80.05,2022-07-18
side lateral,3,10.0,5.0,80.05,2022-07-18
tricep extensions,1,12.0,0.0,80.05,2022-07-18
tricep extensions,2,9.0,0.0,80.05,2022-07-18
tricep extensions,3,7.0,0.0,80.05,2022-07-18
inverted rows,1,14.0,0.0,80.05,2022-07-18
inverted rows,2,11.0,0.0,80.05,2022-07-18
inverted rows,3,9.0,0.0,80.05,2022-07-18
atg split squats,1,24.0,0.0,81.4,2022-07-20
atg split squats,2,20.0,0.0,81.4,2022-07-20
atg split squats,3,18.0,0.0,81.4,2022-07-20
hamstring curls,1,12.0,10.0,81.4,2022-07-20
hamstring curls,2,11.0,10.0,81.4,2022-07-20
hamstring curls,3,10.0,10.0,81.4,2022-07-20
squat (pause),1,5.0,80.0,81.4,2022-07-20
squat (pause),2,5.0,80.0,81.4,2022-07-20
squat (pause),3,5.0,80.0,81.4,2022-07-20
sumo dl,1,5.0,127.5,81.4,2022-07-20
sumo dl,2,5.0,125.0,81.4,2022-07-20
sumo dl,3,6.0,120.0,81.4,2022-07-20
sumo dl,4,6.0,120.0,81.4,2022-07-20
db curls,1,8.0,17.0,80.86,2022-07-23
db curls,2,7.0,17.0,80.86,2022-07-23
db curls,3,9.0,14.5,80.86,2022-07-23
inverted delt rows,1,14.0,0.0,80.86,2022-07-23
inverted delt rows,2,12.0,0.0,80.86,2022-07-23
inverted delt rows,3,12.0,0.0,80.86,2022-07-23
overhead press,1,6.0,42.5,80.86,2022-07-23
overhead press,2,5.0,42.5,80.86,2022-07-23
overhead press,3,6.0,40.0,80.86,2022-07-23
ring push ups,1,8.0,0.0,80.86,2022-07-23
ring push ups,2,5.0,0.0,80.86,2022-07-23
ring push ups,3,5.0,0.0,80.86,2022-07-23
ring push ups,4,4.0,0.0,80.86,2022-07-23
straight arm pulldown,1,10.0,10.0,80.86,2022-07-23
straight arm pulldown,2,8.0,10.0,80.86,2022-07-23
straight arm pulldown,3,16.0,5.0,80.86,2022-07-23
pull ups,1,6.0,15.0,80.86,2022-07-23
pull ups,2,5.0,15.0,80.86,2022-07-23
pull ups,3,5.0,15.0,80.86,2022-07-23
squats,1,5.0,95.0,80.33,2022-07-26
squats,2,6.0,90.0,80.33,2022-07-26
squats,3,5.0,90.0,80.33,2022-07-26
squats,4,5.0,90.0,80.33,2022-07-26
hyperextensions,1,16.0,44.0,80.33,2022-07-26
hyperextensions,2,13.0,44.0,80.33,2022-07-26
hyperextensions,3,10.0,44.0,80.33,2022-07-26
hamstring curls,1,11.0,10.0,80.33,2022-07-26
hamstring curls,2,10.0,10.0,80.33,2022-07-26
reverse nordics,2,12.0,0.0,80.33,2022-07-26
dips,1,11.0,0.0,81.77,2022-07-28
dips,2,7.0,0.0,81.77,2022-07-28
dips,3,6.0,0.0,81.77,2022-07-28
one arm lat pulldown,1,10.0,30.0,81.77,2022-07-28
one arm lat pulldown,2,9.0,30.0,81.77,2022-07-28
one arm lat pulldown,3,9.0,30.0,81.77,2022-07-28
push ups,1,6.0,22.5,81.77,2022-07-28
push ups,2,5.0,22.5,81.77,2022-07-28
push ups,3,5.0,20.0,81.77,2022-07-28
push ups,4,5.0,20.0,81.77,2022-07-28
side lateral,1,12.0,5.0,81.77,2022-07-28
side lateral,2,12.0,5.0,81.77,2022-07-28
side lateral,3,11.0,5.0,81.77,2022-07-28
tricep extensions,1,10.0,0.0,81.77,2022-07-28
tricep extensions,2,10.0,0.0,81.77,2022-07-28
tricep extensions,3,9.0,0.0,81.77,2022-07-28
inverted rows,1,15.0,0.0,81.77,2022-07-28
inverted rows,2,11.0,0.0,81.77,2022-07-28
inverted rows,3,9.0,0.0,81.77,2022-07-28
atg heel elevated squat,1,8.0,44.0,81.96,2022-07-31
atg heel elevated squat,2,8.0,44.0,81.96,2022-07-31
atg heel elevated squat,3,8.0,44.0,81.96,2022-07-31
hamstring curls,1,13.0,10.0,81.96,2022-07-31
hamstring curls,2,11.0,10.0,81.96,2022-07-31
hamstring curls,3,10.0,10.0,81.96,2022-07-31
squat (pause),1,5.0,80.0,81.96,2022-07-31
squat (pause),2,5.0,80.0,81.96,2022-07-31
squat (pause),3,5.0,80.0,81.96,2022-07-31
sumo dl,1,5.0,127.5,81.96,2022-07-31
sumo dl,2,5.0,125.0,81.96,2022-07-31
sumo dl,3,6.0,120.0,81.96,2022-07-31
sumo dl,4,5.0,120.0,81.96,2022-07-31
db curls,1,8.0,17.0,81.98,2022-08-02
db curls,2,7.0,17.0,81.98,2022-08-02
db curls,3,9.0,14.5,81.98,2022-08-02
inverted delt rows,1,15.0,0.0,81.98,2022-08-02
inverted delt rows,2,12.0,0.0,81.98,2022-08-02
inverted delt rows,3,12.0,0.0,81.98,2022-08-02
overhead press,1,5.0,45.0,81.98,2022-08-02
overhead press,2,5.0,42.5,81.98,2022-08-02
overhead press,3,6.0,40.0,81.98,2022-08-02
ring push ups,1,8.0,0.0,81.98,2022-08-02
ring push ups,2,5.0,0.0,81.98,2022-08-02
ring push ups,3,5.0,0.0,81.98,2022-08-02
ring push ups,4,5.0,0.0,81.98,2022-08-02
straight arm pulldown,1,10.0,10.0,81.98,2022-08-02
straight arm pulldown,2,9.0,10.0,81.98,2022-08-02
straight arm pulldown,3,8.0,10.0,81.98,2022-08-02
pull ups,1,6.0,15.0,81.98,2022-08-02
pull ups,2,5.0,15.0,81.98,2022-08-02
pull ups,3,5.0,15.0,81.98,2022-08-02
squats,1,5.0,95.0,81.63,2022-08-04
squats,2,5.0,95.0,81.63,2022-08-04
squats,3,5.0,90.0,81.63,2022-08-04
squats,4,5.0,90.0,81.63,2022-08-04
hyperextensions,1,15.0,44.0,81.63,2022-08-04
hyperextensions,2,13.0,44.0,81.63,2022-08-04
hyperextensions,3,12.0,44.0,81.63,2022-08-04
hamstring curls,1,12.0,10.0,81.63,2022-08-04
hamstring curls,2,10.0,10.0,81.63,2022-08-04
hamstring curls,3,9.0,10.0,81.63,2022-08-04
reverse nordics,1,13.0,0.0,81.63,2022-08-04
reverse nordics,2,12.0,0.0,81.63,2022-08-04
reverse nordics,3,10.0,0.0,81.63,2022-08-04
dips,1,10.0,0.0,82.055,2022-08-06
dips,2,7.0,0.0,82.055,2022-08-06
dips,3,6.0,0.0,82.055,2022-08-06
one arm lat pulldown,1,10.0,30.0,82.055,2022-08-06
one arm lat pulldown,2,9.0,30.0,82.055,2022-08-06
one arm lat pulldown,3,9.0,30.0,82.055,2022-08-06
push ups,1,6.0,20.0,82.055,2022-08-06
push ups,2,5.0,20.0,82.055,2022-08-06
push ups,3,6.0,15.0,82.055,2022-08-06
push ups,4,6.0,15.0,82.055,2022-08-06
side lateral,1,14.0,5.0,82.055,2022-08-06
side lateral,2,12.0,5.0,82.055,2022-08-06
side lateral,3,12.0,5.0,82.055,2022-08-06
tricep extensions,1,11.0,0.0,82.055,2022-08-06
tricep extensions,2,10.0,0.0,82.055,2022-08-06
tricep extensions,3,10.0,0.0,82.055,2022-08-06
inverted rows,1,14.0,0.0,82.055,2022-08-06
inverted rows,2,9.0,0.0,82.055,2022-08-06
inverted rows,3,9.0,0.0,82.055,2022-08-06
squat (pause),1,5.0,80.0,82.045,2022-08-08
squat (pause),2,5.0,80.0,82.045,2022-08-08
squat (pause),3,5.0,80.0,82.045,2022-08-08
sumo dl,1,6.0,115.0,82.045,2022-08-08
sumo dl,2,5.0,115.0,82.045,2022-08-08
sumo dl,3,6.0,100.0,82.045,2022-08-08
sumo dl,4,6.0,100.0,82.045,2022-08-08
db curls,1,8.0,17.0,82.05000000000001,2022-08-10
db curls,2,7.0,17.0,82.05000000000001,2022-08-10
db curls,3,9.0,14.5,82.05000000000001,2022-08-10
inverted delt rows,1,15.0,0.0,82.05000000000001,2022-08-10
inverted delt rows,2,13.0,0.0,82.05000000000001,2022-08-10
inverted delt rows,3,13.0,0.0,82.05000000000001,2022-08-10
overhead press,1,5.0,45.0,82.05000000000001,2022-08-10
overhead press,2,5.0,42.5,82.05000000000001,2022-08-10
overhead press,3,6.0,40.0,82.05000000000001,2022-08-10
ring push ups,1,8.0,0.0,82.05000000000001,2022-08-10
ring push ups,2,6.0,0.0,82.05000000000001,2022-08-10
ring push ups,3,5.0,0.0,82.05000000000001,2022-08-10
ring push ups,4,5.0,0.0,82.05000000000001,2022-08-10
straight arm pulldown,1,10.0,10.0,82.05000000000001,2022-08-10
straight arm pulldown,2,10.0,10.0,82.05000000000001,2022-08-10
straight arm pulldown,3,9.0,10.0,82.05000000000001,2022-08-10
pull ups,1,6.0,15.0,82.05000000000001,2022-08-10
pull ups,2,6.0,15.0,82.05000000000001,2022-08-10
pull ups,3,5.0,15.0,82.05000000000001,2022-08-10
squats,1,5.0,95.0,81.48,2022-08-12
squats,2,5.0,95.0,81.48,2022-08-12
squats,3,6.0,90.0,81.48,2022-08-12
squats,4,5.0,90.0,81.48,2022-08-12
hamstring curls,1,13.0,10.0,81.48,2022-08-12
hamstring curls,2,13.0,10.0,81.48,2022-08-12
hamstring curls,3,10.0,10.0,81.48,2022-08-12
leg extensions,1,15.0,25.0,81.48,2022-08-12
leg extensions,2,14.0,25.0,81.48,2022-08-12
leg extensions,3,13.0,25.0,81.48,2022-08-12
romanian deadlifts,1,12.0,100.0,81.48,2022-08-12
romanian deadlifts,2,11.0,100.0,81.48,2022-08-12
romanian deadlifts,3,12.0,90.0,81.48,2022-08-12
push ups,1,14.0,0.0,81.61,2022-08-15
push ups,2,12.0,0.0,81.61,2022-08-15
push ups,3,10.0,0.0,81.61,2022-08-15
push ups,4,9.0,0.0,81.61,2022-08-15
inverted rows,1,15.0,0.0,81.61,2022-08-15
inverted rows,2,11.0,0.0,81.61,2022-08-15
inverted rows,3,9.0,0.0,81.61,2022-08-15
atg heel elevated squat,1,10.0,44.0,80.81,2022-08-19
atg heel elevated squat,2,9.0,44.0,80.81,2022-08-19
atg heel elevated squat,3,8.0,44.0,80.81,2022-08-19
hamstring curls,1,15.0,10.0,80.81,2022-08-19
hamstring curls,2,8.0,15.0,80.81,2022-08-19
hamstring curls,3,7.0,15.0,80.81,2022-08-19
squat (pause),1,5.0,80.0,80.81,2022-08-19
squat (pause),2,5.0,80.0,80.81,2022-08-19
squat (pause),3,5.0,75.0,80.81,2022-08-19
sumo dl,1,4.0,120.0,80.81,2022-08-19
sumo dl,2,5.0,110.0,80.81,2022-08-19
sumo dl,3,5.0,110.0,80.81,2022-08-19
sumo dl,4,5.0,105.0,80.81,2022-08-19
db curls,1,8.0,14.5,81.825,2022-08-21
db curls,2,7.0,14.5,81.825,2022-08-21
db curls,3,6.0,14.5,81.825,2022-08-21
inverted delt rows,1,18.0,0.0,81.825,2022-08-21
inverted delt rows,2,14.0,0.0,81.825,2022-08-21
inverted delt rows,3,12.0,0.0,81.825,2022-08-21
overhead press,1,2.0,45.0,81.825,2022-08-21
overhead press,2,7.0,40.0,81.825,2022-08-21
overhead press,3,6.0,40.0,81.825,2022-08-21
ring push ups,1,9.0,0.0,81.825,2022-08-21
ring push ups,2,7.0,0.0,81.825,2022-08-21
ring push ups,3,4.5,0.0,81.825,2022-08-21
ring push ups,4,4.0,0.0,81.825,2022-08-21
straight arm pulldown,1,10.0,10.0,81.825,2022-08-21
straight arm pulldown,2,9.0,10.0,81.825,2022-08-21
straight arm pulldown,3,9.0,10.0,81.825,2022-08-21
pull ups,1,6.0,15.0,81.825,2022-08-21
pull ups,2,6.0,15.0,81.825,2022-08-21
pull ups,3,5.0,15.0,81.825,2022-08-21
squats,1,5.0,95.0,80.99,2022-08-23
squats,2,5.0,85.0,80.99,2022-08-23
squats,3,5.0,85.0,80.99,2022-08-23
squats,4,5.0,80.0,80.99,2022-08-23
hamstring curls,1,9.0,15.0,80.99,2022-08-23
hamstring curls,2,8.0,15.0,80.99,2022-08-23
hamstring curls,3,7.0,15.0,80.99,2022-08-23
leg extensions,1,14.0,30.0,80.99,2022-08-23
leg extensions,2,12.0,30.0,80.99,2022-08-23
leg extensions,3,11.0,30.0,80.99,2022-08-23
romanian deadlifts,1,12.0,100.0,80.99,2022-08-23
romanian deadlifts,2,14.0,90.0,80.99,2022-08-23
romanian deadlifts,3,11.0,90.0,80.99,2022-08-23
dips,1,10.0,0.0,81.88999999999999,2022-08-25
dips,2,7.0,0.0,81.88999999999999,2022-08-25
dips,3,5.0,0.0,81.88999999999999,2022-08-25
one arm lat pulldown,1,10.0,30.0,81.88999999999999,2022-08-25
one arm lat pulldown,2,9.0,30.0,81.88999999999999,2022-08-25
one arm lat pulldown,3,9.0,30.0,81.88999999999999,2022-08-25
push ups,1,7.0,20.0,81.88999999999999,2022-08-25
push ups,2,6.0,20.0,81.88999999999999,2022-08-25
push ups,3,5.0,20.0,81.88999999999999,2022-08-25
push ups,4,5.0,20.0,81.88999999999999,2022-08-25
side lateral,1,13.0,5.0,81.88999999999999,2022-08-25
side lateral,2,12.0,5.0,81.88999999999999,2022-08-25
side lateral,3,11.0,5.0,81.88999999999999,2022-08-25
inverted rows,1,10.0,10.0,81.88999999999999,2022-08-25
inverted rows,2,8.0,10.0,81.88999999999999,2022-08-25
inverted rows,3,9.0,0.0,81.88999999999999,2022-08-25
squat (pause),1,5.0,75.0,81.45666666666666,2022-08-28
squat (pause),2,5.0,75.0,81.45666666666666,2022-08-28
squat (pause),3,5.0,75.0,81.45666666666666,2022-08-28
sumo dl,1,3.0,115.0,81.45666666666666,2022-08-28
sumo dl,2,5.0,110.0,81.45666666666666,2022-08-28
sumo dl,3,7.0,100.0,81.45666666666666,2022-08-28
sumo dl,4,6.0,100.0,81.45666666666666,2022-08-28
db curls,1,9.0,14.5,81.9,2022-08-30
db curls,2,8.0,14.5,81.9,2022-08-30
db curls,3,7.0,14.5,81.9,2022-08-30
inverted delt rows,1,12.0,5.0,81.9,2022-08-30
inverted delt rows,2,12.0,5.0,81.9,2022-08-30
inverted delt rows,3,13.0,0.0,81.9,2022-08-30
overhead press,1,5.0,42.5,81.9,2022-08-30
overhead press,2,5.0,42.5,81.9,2022-08-30
overhead press,3,5.0,40.0,81.9,2022-08-30
ring push ups,1,9.0,0.0,81.9,2022-08-30
ring push ups,2,6.0,0.0,81.9,2022-08-30
ring push ups,3,5.0,0.0,81.9,2022-08-30
ring push ups,4,4.0,0.0,81.9,2022-08-30
straight arm pulldown,1,11.0,10.0,81.9,2022-08-30
straight arm pulldown,2,10.0,10.0,81.9,2022-08-30
straight arm pulldown,3,9.0,10.0,81.9,2022-08-30
pull ups,1,6.0,15.0,81.9,2022-08-30
pull ups,2,6.0,15.0,81.9,2022-08-30
pull ups,3,5.0,15.0,81.9,2022-08-30
squats,1,5.0,90.0,80.91,2022-09-02
squats,2,5.0,85.0,80.91,2022-09-02
squats,3,5.0,85.0,80.91,2022-09-02
squats,4,5.0,80.0,80.91,2022-09-02
hamstring curls,1,9.0,15.0,80.91,2022-09-02
hamstring curls,2,8.0,15.0,80.91,2022-09-02
hamstring curls,3,7.0,15.0,80.91,2022-09-02
leg extensions,1,10.0,35.0,80.91,2022-09-02
leg extensions,2,12.0,30.0,80.91,2022-09-02
leg extensions,3,11.0,30.0,80.91,2022-09-02
romanian deadlifts,1,12.0,90.0,80.91,2022-09-02
romanian deadlifts,2,12.0,90.0,80.91,2022-09-02
romanian deadlifts,3,10.0,90.0,80.91,2022-09-02
dips,1,9.0,0.0,82.02000000000001,2022-09-04
dips,2,6.0,0.0,82.02000000000001,2022-09-04
dips,3,5.0,0.0,82.02000000000001,2022-09-04
one arm lat pulldown,1,11.0,30.0,82.02000000000001,2022-09-04
one arm lat pulldown,2,9.0,30.0,82.02000000000001,2022-09-04
one arm lat pulldown,3,8.0,30.0,82.02000000000001,2022-09-04
push ups,1,5.0,22.5,82.02000000000001,2022-09-04
push ups,2,5.0,20.0,82.02000000000001,2022-09-04
push ups,3,4.0,20.0,82.02000000000001,2022-09-04
push ups,4,7.0,10.0,82.02000000000001,2022-09-04
side lateral,1,12.0,5.0,82.02000000000001,2022-09-04
side lateral,2,11.0,5.0,82.02000000000001,2022-09-04
side lateral,3,10.0,5.0,82.02000000000001,2022-09-04
tricep extensions,1,10.0,0.0,82.02000000000001,2022-09-04
tricep extensions,2,10.0,0.0,82.02000000000001,2022-09-04
tricep extensions,3,10.0,0.0,82.02000000000001,2022-09-04
inverted rows,1,10.0,10.0,82.02000000000001,2022-09-04
inverted rows,2,8.0,10.0,82.02000000000001,2022-09-04
inverted rows,3,9.0,0.0,82.02000000000001,2022-09-04
squat (pause),1,5.0,75.0,,2022-09-06
squat (pause),2,5.0,75.0,,2022-09-06
squat (pause),3,5.0,75.0,,2022-09-06
sumo dl,1,1.0,120.0,,2022-09-06
sumo dl,2,6.0,105.0,,2022-09-06
sumo dl,3,5.0,105.0,,2022-09-06
sumo dl,4,5.0,105.0,,2022-09-06
chin ups,1,5.0,10.0,81.09,2022-09-08
chin ups,2,6.0,7.5,81.09,2022-09-08
chin ups,3,5.0,7.5,81.09,2022-09-08
db curls,1,10.0,14.5,81.09,2022-09-08
db curls,2,7.0,14.5,81.09,2022-09-08
db curls,3,7.0,14.5,81.09,2022-09-08
inverted delt rows,1,13.0,5.0,81.09,2022-09-08
inverted delt rows,2,11.0,5.0,81.09,2022-09-08
inverted delt rows,3,13.0,0.0,81.09,2022-09-08
overhead press,1,6.0,42.5,81.09,2022-09-08
overhead press,2,5.0,42.5,81.09,2022-09-08
overhead press,3,6.0,40.0,81.09,2022-09-08
ring push ups,1,8.0,0.0,81.09,2022-09-08
ring push ups,2,7.0,0.0,81.09,2022-09-08
ring push ups,3,6.0,0.0,81.09,2022-09-08
ring push ups,4,5.0,0.0,81.09,2022-09-08
straight arm pulldown,1,11.0,10.0,81.09,2022-09-08
straight arm pulldown,2,10.0,10.0,81.09,2022-09-08
straight arm pulldown,3,9.0,10.0,81.09,2022-09-08
squats,1,5.0,90.0,82.365,2022-09-11
squats,2,5.0,85.0,82.365,2022-09-11
squats,3,5.0,85.0,82.365,2022-09-11
squats,4,6.0,80.0,82.365,2022-09-11
hyperextensions,1,16.0,44.0,82.365,2022-09-11
hyperextensions,2,12.0,44.0,82.365,2022-09-11
hyperextensions,3,10.0,44.0,82.365,2022-09-11
hamstring curls,1,10.0,15.0,82.365,2022-09-11
hamstring curls,2,7.0,15.0,82.365,2022-09-11
hamstring curls,3,7.0,15.0,82.365,2022-09-11
leg extensions,1,12.0,35.0,82.365,2022-09-11
leg extensions,2,11.0,35.0,82.365,2022-09-11
leg extensions,3,10.0,35.0,82.365,2022-09-11
dips,1,10.0,0.0,81.48,2022-09-13
dips,2,7.0,0.0,81.48,2022-09-13
dips,3,6.0,0.0,81.48,2022-09-13
one arm lat pulldown,1,7.0,35.0,81.48,2022-09-13
one arm lat pulldown,2,10.0,30.0,81.48,2022-09-13
one arm lat pulldown,3,9.0,30.0,81.48,2022-09-13
push ups,1,6.0,22.5,81.48,2022-09-13
push ups,2,5.0,22.5,81.48,2022-09-13
push ups,3,4.0,20.0,81.48,2022-09-13
push ups,4,6.0,15.0,81.48,2022-09-13
side lateral,1,13.0,5.0,81.48,2022-09-13
side lateral,2,12.0,5.0,81.48,2022-09-13
side lateral,3,12.0,5.0,81.48,2022-09-13
tricep extensions,1,11.0,0.0,81.48,2022-09-13
tricep extensions,2,10.0,0.0,81.48,2022-09-13
tricep extensions,3,9.0,0.0,81.48,2022-09-13
inverted rows,1,13.0,10.0,81.48,2022-09-13
inverted rows,2,8.0,10.0,81.48,2022-09-13
inverted rows,3,8.0,0.0,81.48,2022-09-13
atg heel elevated squat,1,9.0,44.0,81.37,2022-09-15
atg heel elevated squat,2,9.0,44.0,81.37,2022-09-15
atg heel elevated squat,3,8.0,44.0,81.37,2022-09-15
hyperextensions,1,22.0,0.0,81.37,2022-09-15
hyperextensions,2,20.0,0.0,81.37,2022-09-15
hyperextensions,3,20.0,0.0,81.37,2022-09-15
squat (pause),1,5.0,80.0,81.37,2022-09-15
squat (pause),2,5.0,75.0,81.37,2022-09-15
squat (pause),3,5.0,75.0,81.37,2022-09-15
sumo dl,1,3.0,120.0,81.37,2022-09-15
sumo dl,2,5.0,110.0,81.37,2022-09-15
sumo dl,3,5.0,110.0,81.37,2022-09-15
sumo dl,4,6.0,105.0,81.37,2022-09-15
chin ups,1,6.0,10.0,82.23,2022-09-18
chin ups,2,5.0,10.0,82.23,2022-09-18
chin ups,3,6.0,7.5,82.23,2022-09-18
db curls,1,10.0,14.5,82.23,2022-09-18
db curls,2,8.0,14.5,82.23,2022-09-18
db curls,3,7.0,14.5,82.23,2022-09-18
inverted delt rows,1,13.0,10.0,82.23,2022-09-18
inverted delt rows,2,9.0,10.0,82.23,2022-09-18
inverted delt rows,3,9.0,0.0,82.23,2022-09-18
overhead press,1,6.0,42.5,82.23,2022-09-18
overhead press,2,4.0,42.5,82.23,2022-09-18
overhead press,3,5.0,40.0,82.23,2022-09-18
ring push ups,1,9.0,0.0,82.23,2022-09-18
ring push ups,2,6.0,0.0,82.23,2022-09-18
ring push ups,3,5.0,0.0,82.23,2022-09-18
ring push ups,4,4.0,0.0,82.23,2022-09-18
straight arm pulldown,1,11.0,10.0,82.23,2022-09-18
straight arm pulldown,2,10.0,10.0,82.23,2022-09-18
straight arm pulldown,3,7.0,10.0,82.23,2022-09-18
squats,1,5.0,85.0,81.7,2022-09-20
squats,2,5.0,85.0,81.7,2022-09-20
squats,3,5.0,80.0,81.7,2022-09-20
squats,4,5.0,80.0,81.7,2022-09-20
hyperextensions,1,15.0,44.0,81.7,2022-09-20
hyperextensions,2,13.0,44.0,81.7,2022-09-20
hyperextensions,3,10.0,44.0,81.7,2022-09-20
hamstring curls,1,11.0,15.0,81.7,2022-09-20
hamstring curls,2,7.0,15.0,81.7,2022-09-20
hamstring curls,3,7.0,15.0,81.7,2022-09-20
leg extensions,1,10.0,40.0,81.7,2022-09-20
leg extensions,2,11.0,35.0,81.7,2022-09-20
leg extensions,3,10.0,35.0,81.7,2022-09-20
dips,1,10.0,0.0,81.24,2022-09-23
dips,2,6.0,0.0,81.24,2022-09-23
dips,3,5.0,0.0,81.24,2022-09-23
one arm lat pulldown,1,7.0,35.0,81.24,2022-09-23
one arm lat pulldown,2,10.0,30.0,81.24,2022-09-23
one arm lat pulldown,3,9.0,30.0,81.24,2022-09-23
push ups,1,6.0,22.5,81.24,2022-09-23
push ups,2,5.0,22.5,81.24,2022-09-23
push ups,3,5.0,20.0,81.24,2022-09-23
push ups,4,5.0,20.0,81.24,2022-09-23
side lateral,1,13.0,5.0,81.24,2022-09-23
side lateral,2,13.0,5.0,81.24,2022-09-23
side lateral,3,12.0,5.0,81.24,2022-09-23
tricep extensions,1,11.0,0.0,81.24,2022-09-23
tricep extensions,2,9.0,0.0,81.24,2022-09-23
tricep extensions,3,9.0,0.0,81.24,2022-09-23
inverted rows,1,11.0,15.0,81.24,2022-09-23
inverted rows,2,8.0,10.0,81.24,2022-09-23
inverted rows,3,8.0,0.0,81.24,2022-09-23
db curls,1,10.0,14.5,81.10499999999999,2022-09-26
db curls,2,8.0,14.5,81.10499999999999,2022-09-26
db curls,3,8.0,14.5,81.10499999999999,2022-09-26
inverted delt rows,1,13.0,10.0,81.10499999999999,2022-09-26
inverted delt rows,2,10.0,10.0,81.10499999999999,2022-09-26
inverted delt rows,3,12.0,0.0,81.10499999999999,2022-09-26
hamstring curls,3,,0.0,81.10499999999999,2022-09-26
overhead press,1,6.0,42.5,81.10499999999999,2022-09-26
overhead press,2,5.0,42.5,81.10499999999999,2022-09-26
overhead press,3,5.0,40.0,81.10499999999999,2022-09-26
pull ups,1,7.0,10.0,81.10499999999999,2022-09-26
pull ups,2,6.0,10.0,81.10499999999999,2022-09-26
pull ups,3,5.0,10.0,81.10499999999999,2022-09-26
ring push ups,1,9.0,0.0,81.10499999999999,2022-09-26
ring push ups,2,7.0,0.0,81.10499999999999,2022-09-26
ring push ups,3,5.0,0.0,81.10499999999999,2022-09-26
ring push ups,4,5.0,0.0,81.10499999999999,2022-09-26
squat (pause),1,5.0,80.0,81.10499999999999,2022-09-26
squat (pause),2,5.0,75.0,81.10499999999999,2022-09-26
squat (pause),3,5.0,75.0,81.10499999999999,2022-09-26
straight arm pulldown,1,11.0,10.0,81.10499999999999,2022-09-26
straight arm pulldown,2,10.0,10.0,81.10499999999999,2022-09-26
straight arm pulldown,3,9.0,10.0,81.10499999999999,2022-09-26
sumo dl,1,4.0,120.0,81.10499999999999,2022-09-26
sumo dl,2,6.0,110.0,81.10499999999999,2022-09-26
sumo dl,3,5.0,110.0,81.10499999999999,2022-09-26
sumo dl,4,6.0,105.0,81.10499999999999,2022-09-26
squats,1,5.0,90.0,80.65,2022-09-30
squats,2,5.0,85.0,80.65,2022-09-30
squats,3,5.0,85.0,80.65,2022-09-30
squats,4,5.0,80.0,80.65,2022-09-30
hyperextensions,1,16.0,44.0,80.65,2022-09-30
hyperextensions,2,13.0,44.0,80.65,2022-09-30
hyperextensions,3,10.0,44.0,80.65,2022-09-30
dips,1,11.0,0.0,81.32,2022-10-04
dips,2,7.0,0.0,81.32,2022-10-04
dips,3,6.0,0.0,81.32,2022-10-04
one arm lat pulldown,1,7.0,35.0,81.32,2022-10-04
one arm lat pulldown,2,10.0,30.0,81.32,2022-10-04
one arm lat pulldown,3,9.0,30.0,81.32,2022-10-04
push ups,1,6.0,22.5,81.32,2022-10-04
push ups,2,5.0,22.5,81.32,2022-10-04
push ups,3,5.0,20.0,81.32,2022-10-04
push ups,4,5.0,20.0,81.32,2022-10-04
side lateral,1,15.0,5.0,81.32,2022-10-04
side lateral,2,14.0,5.0,81.32,2022-10-04
side lateral,3,12.0,5.0,81.32,2022-10-04
tricep extensions,1,10.0,0.0,81.32,2022-10-04
tricep extensions,2,9.0,0.0,81.32,2022-10-04
tricep extensions,3,8.0,0.0,81.32,2022-10-04
inverted rows,1,12.0,15.0,81.32,2022-10-04
inverted rows,2,8.0,10.0,81.32,2022-10-04
inverted rows,3,9.0,0.0,81.32,2022-10-04
squat (pause),1,5.0,80.0,81.53,2022-10-06
squat (pause),2,6.0,75.0,81.53,2022-10-06
squat (pause),3,5.0,75.0,81.53,2022-10-06
sumo dl,1,5.0,120.0,81.53,2022-10-06
sumo dl,2,5.0,115.0,81.53,2022-10-06
sumo dl,3,5.0,110.0,81.53,2022-10-06
sumo dl,4,6.0,105.0,81.53,2022-10-06
chin ups,1,6.0,10.0,,2022-10-09
chin ups,2,6.0,10.0,,2022-10-09
chin ups,3,5.0,10.0,,2022-10-09
db curls,1,9.0,14.5,,2022-10-09
db curls,2,8.0,14.5,,2022-10-09
db curls,3,8.0,14.5,,2022-10-09
inverted delt rows,1,13.0,10.0,,2022-10-09
inverted delt rows,2,10.0,10.0,,2022-10-09
inverted delt rows,3,15.0,0.0,,2022-10-09
overhead press,1,6.0,42.5,,2022-10-09
overhead press,2,5.0,42.5,,2022-10-09
overhead press,3,5.0,40.0,,2022-10-09
ring push ups,1,9.0,0.0,,2022-10-09
ring push ups,2,6.0,0.0,,2022-10-09
ring push ups,3,5.0,0.0,,2022-10-09
ring push ups,4,5.0,0.0,,2022-10-09
straight arm pulldown,1,14.0,0.0,,2022-10-09
straight arm pulldown,2,13.0,0.0,,2022-10-09
straight arm pulldown,3,14.0,0.0,,2022-10-09
squats,1,5.0,90.0,,2022-10-12
squats,2,5.0,85.0,,2022-10-12
squats,3,5.0,85.0,,2022-10-12
squats,4,6.0,80.0,,2022-10-12
good mornings,1,16.0,60.0,,2022-10-12
good mornings,2,15.0,60.0,,2022-10-12
good mornings,3,14.0,60.0,,2022-10-12
hyperextensions,1,25.0,0.0,,2022-10-12
hyperextensions,2,25.0,0.0,,2022-10-12
hyperextensions,3,25.0,0.0,,2022-10-12
dips,1,11.0,0.0,80.49,2022-10-14
dips,2,7.0,0.0,80.49,2022-10-14
dips,3,6.0,0.0,80.49,2022-10-14
lat pulldown,1,20.0,0.0,80.49,2022-10-14
lat pulldown,2,16.0,0.0,80.49,2022-10-14
lat pulldown,3,16.0,0.0,80.49,2022-10-14
push ups,1,5.0,22.5,80.49,2022-10-14
push ups,2,5.0,22.5,80.49,2022-10-14
push ups,3,5.0,20.0,80.49,2022-10-14
push ups,4,5.0,17.5,80.49,2022-10-14
side lateral,1,15.0,5.0,80.49,2022-10-14
side lateral,2,14.0,5.0,80.49,2022-10-14
side lateral,3,12.0,5.0,80.49,2022-10-14
tricep extensions,1,10.0,0.0,80.49,2022-10-14
tricep extensions,2,10.0,0.0,80.49,2022-10-14
tricep extensions,3,9.0,0.0,80.49,2022-10-14
inverted rows,1,11.0,15.0,80.49,2022-10-14
inverted rows,2,10.0,10.0,80.49,2022-10-14
inverted rows,3,10.0,0.0,80.49,2022-10-14
squat (pause),1,5.0,75.0,,2022-10-16
squat (pause),2,5.0,75.0,,2022-10-16
squat (pause),3,5.0,75.0,,2022-10-16
sumo dl,1,5.0,120.0,,2022-10-16
sumo dl,2,6.0,110.0,,2022-10-16
sumo dl,3,5.0,110.0,,2022-10-16
sumo dl,4,6.0,105.0,,2022-10-16
chin ups,1,6.0,10.0,80.86,2022-10-18
chin ups,2,6.0,10.0,80.86,2022-10-18
chin ups,3,5.0,10.0,80.86,2022-10-18
db curls,1,9.0,14.5,80.86,2022-10-18
db curls,2,8.0,14.5,80.86,2022-10-18
db curls,3,7.0,14.5,80.86,2022-10-18
inverted delt rows,1,16.0,0.0,80.86,2022-10-18
inverted delt rows,2,13.0,0.0,80.86,2022-10-18
inverted delt rows,3,12.0,0.0,80.86,2022-10-18
overhead press,1,6.0,42.5,80.86,2022-10-18
overhead press,2,5.0,42.5,80.86,2022-10-18
overhead press,3,5.0,40.0,80.86,2022-10-18
ring push ups,1,9.0,0.0,80.86,2022-10-18
ring push ups,2,6.0,0.0,80.86,2022-10-18
ring push ups,3,5.0,0.0,80.86,2022-10-18
ring push ups,4,5.0,0.0,80.86,2022-10-18
squats,1,5.0,90.0,80.65,2022-10-20
squats,2,5.0,85.0,80.65,2022-10-20
squats,3,5.0,85.0,80.65,2022-10-20
squats,4,6.0,80.0,80.65,2022-10-20
good mornings,1,16.0,60.0,80.65,2022-10-20
good mornings,2,16.0,60.0,80.65,2022-10-20
good mornings,3,15.0,60.0,80.65,2022-10-20
pull ups,1,8.0,0.0,81.42,2022-10-22
pull ups,2,8.0,0.0,81.42,2022-10-22
pull ups,3,8.0,0.0,81.42,2022-10-22
dips,1,11.0,0.0,81.42,2022-10-22
dips,2,6.0,0.0,81.42,2022-10-22
dips,3,5.0,0.0,81.42,2022-10-22
push ups,1,5.0,22.5,81.42,2022-10-22
push ups,2,5.0,22.5,81.42,2022-10-22
push ups,3,5.0,20.0,81.42,2022-10-22
push ups,4,7.0,10.0,81.42,2022-10-22
side lateral,1,15.0,5.0,81.42,2022-10-22
side lateral,2,13.0,5.0,81.42,2022-10-22
side lateral,3,12.0,5.0,81.42,2022-10-22
tricep extensions,1,10.0,0.0,81.42,2022-10-22
tricep extensions,2,9.0,0.0,81.42,2022-10-22
tricep extensions,3,9.0,0.0,81.42,2022-10-22
inverted rows,1,13.0,10.0,81.42,2022-10-22
inverted rows,2,10.0,10.0,81.42,2022-10-22
inverted rows,3,10.0,0.0,81.42,2022-10-22
barbell hacksquat,1,6.0,80.0,80.87,2022-10-24
barbell hacksquat,2,5.0,90.0,80.87,2022-10-24
barbell hacksquat,3,5.0,90.0,80.87,2022-10-24
sumo dl,1,5.0,110.0,80.87,2022-10-24
sumo dl,2,4.0,120.0,80.87,2022-10-24
sumo dl,3,5.0,110.0,80.87,2022-10-24
sumo dl,4,6.0,105.0,80.87,2022-10-24
